排名,BRAND,MODEL,總分,Price_分數,Power Phase_分數,Form_Factor_分數,LAN_Speed_分數,Chipset_Level_分數,Memory_Upgrade_分數,VRM_Quality_分數,Expansion_Capability_分數
1,華擎,H610M-H2 M.2,-762.662857142857,-763.9999999999999,0.8228571428571426,0.11428571428571427,0.11428571428571427,0.11428571428571427,0.057142857142857134,0.057142857142857134,0.057142857142857134
2,華碩,Pro WS W790E-SAGE SE,-763.0742857142856,-763.9999999999999,0.41142857142857137,0.11428571428571427,0.11428571428571427,0.11428571428571427,0.057142857142857134,0.057142857142857134,0.057142857142857134
3,微星,PRO H610M-S DDR4,-782.6628571428569,-783.9999999999998,0.8228571428571426,0.11428571428571427,0.11428571428571427,0.11428571428571427,0.057142857142857134,0.057142857142857134,0.057142857142857134
4,微星,A520M-A PRO,-783.0742857142855,-783.9999999999998,0.41142857142857137,0.11428571428571427,0.11428571428571427,0.11428571428571427,0.057142857142857134,0.057142857142857134,0.057142857142857134
5,技嘉,A520M K V2,-802.6628571428569,-803.9999999999998,0.8228571428571426,0.11428571428571427,0.11428571428571427,0.11428571428571427,0.057142857142857134,0.057142857142857134,0.057142857142857134
6,技嘉,H81M-DS2,-803.0742857142855,-803.9999999999998,0.41142857142857137,0.11428571428571427,0.11428571428571427,0.11428571428571427,0.057142857142857134,0.057142857142857134,0.057142857142857134
7,華碩,PRIME H610M-F D4 R2.0-CSM,-822.6628571428569,-823.9999999999998,0.8228571428571426,0.11428571428571427,0.11428571428571427,0.11428571428571427,0.057142857142857134,0.057142857142857134,0.057142857142857134
8,微星,PRO H610M-E,-862.6628571428569,-863.9999999999998,0.8228571428571426,0.11428571428571427,0.11428571428571427,0.11428571428571427,0.057142857142857134,0.057142857142857134,0.057142857142857134
9,微星,PRO H610M-E DDR4,-862.6628571428569,-863.9999999999998,0.8228571428571426,0.11428571428571427,0.11428571428571427,0.11428571428571427,0.057142857142857134,0.057142857142857134,0.057142857142857134
10,華碩,PRIME H610M-K D4-CSM,-862.6628571428569,-863.9999999999998,0.8228571428571426,0.11428571428571427,0.11428571428571427,0.11428571428571427,0.057142857142857134,0.057142857142857134,0.057142857142857134
11,華擎,B760M-HDV M.2 D4,-882.6628571428569,-883.9999999999998,0.8228571428571426,0.11428571428571427,0.11428571428571427,0.11428571428571427,0.057142857142857134,0.057142857142857134,0.057142857142857134
12,華擎,B760M-HDV M.2,-882.6628571428569,-883.9999999999998,0.8228571428571426,0.11428571428571427,0.11428571428571427,0.11428571428571427,0.057142857142857134,0.057142857142857134,0.057142857142857134
13,華碩,PRIME H610M-K-CSM,-883.0742857142855,-883.9999999999998,0.41142857142857137,0.11428571428571427,0.11428571428571427,0.11428571428571427,0.057142857142857134,0.057142857142857134,0.057142857142857134
14,華碩,H81M-K,-903.0742857142855,-903.9999999999998,0.41142857142857137,0.11428571428571427,0.11428571428571427,0.11428571428571427,0.057142857142857134,0.057142857142857134,0.057142857142857134
15,技嘉,H110M-S2PH,-903.0742857142855,-903.9999999999998,0.41142857142857137,0.11428571428571427,0.11428571428571427,0.11428571428571427,0.057142857142857134,0.057142857142857134,0.057142857142857134
16,微星,PRO B760M-E DDR4,-922.6628571428569,-923.9999999999998,0.8228571428571426,0.11428571428571427,0.11428571428571427,0.11428571428571427,0.057142857142857134,0.057142857142857134,0.057142857142857134
17,微星,PRO B760M-E,-922.6628571428569,-923.9999999999998,0.8228571428571426,0.11428571428571427,0.11428571428571427,0.11428571428571427,0.057142857142857134,0.057142857142857134,0.057142857142857134
18,微星,PRO B650M-B,-922.6628571428569,-923.9999999999998,0.8228571428571426,0.11428571428571427,0.11428571428571427,0.11428571428571427,0.057142857142857134,0.057142857142857134,0.057142857142857134
19,華擎,A620AM-HVS,-922.6628571428569,-923.9999999999998,0.8228571428571426,0.11428571428571427,0.11428571428571427,0.11428571428571427,0.057142857142857134,0.057142857142857134,0.057142857142857134
20,華碩,PRIME H610M-E D4-CSM,-922.6628571428569,-923.9999999999998,0.8228571428571426,0.11428571428571427,0.11428571428571427,0.11428571428571427,0.057142857142857134,0.057142857142857134,0.057142857142857134
21,技嘉,B650M H,-922.6628571428569,-923.9999999999998,0.8228571428571426,0.11428571428571427,0.11428571428571427,0.11428571428571427,0.057142857142857134,0.057142857142857134,0.057142857142857134
22,華碩,PRIME B760M-F D4-CSM,-942.6628571428569,-943.9999999999998,0.8228571428571426,0.11428571428571427,0.11428571428571427,0.11428571428571427,0.057142857142857134,0.057142857142857134,0.057142857142857134
23,華碩,PRIME B760M-F-CSM,-942.6628571428569,-943.9999999999998,0.8228571428571426,0.11428571428571427,0.11428571428571427,0.11428571428571427,0.057142857142857134,0.057142857142857134,0.057142857142857134
24,技嘉,H610M H V2 DDR4,-942.6628571428569,-943.9999999999998,0.8228571428571426,0.11428571428571427,0.11428571428571427,0.11428571428571427,0.057142857142857134,0.057142857142857134,0.057142857142857134
25,技嘉,B760M H DDR4,-942.6628571428569,-943.9999999999998,0.8228571428571426,0.11428571428571427,0.11428571428571427,0.11428571428571427,0.057142857142857134,0.057142857142857134,0.057142857142857134
26,微星,PRO B760M-B DDR4,-962.6628571428569,-963.9999999999998,0.8228571428571426,0.11428571428571427,0.11428571428571427,0.11428571428571427,0.057142857142857134,0.057142857142857134,0.057142857142857134
27,微星,B760M BOMBER DDR4,-962.6628571428569,-963.9999999999998,0.8228571428571426,0.11428571428571427,0.11428571428571427,0.11428571428571427,0.057142857142857134,0.057142857142857134,0.057142857142857134
28,微星,PRO B760M-B,-962.6628571428569,-963.9999999999998,0.8228571428571426,0.11428571428571427,0.11428571428571427,0.11428571428571427,0.057142857142857134,0.057142857142857134,0.057142857142857134
29,微星,B760M BOMBER,-962.6628571428569,-963.9999999999998,0.8228571428571426,0.11428571428571427,0.11428571428571427,0.11428571428571427,0.057142857142857134,0.057142857142857134,0.057142857142857134
30,微星,B550M PRO-VDH,-962.6628571428569,-963.9999999999998,0.8228571428571426,0.11428571428571427,0.11428571428571427,0.11428571428571427,0.057142857142857134,0.057142857142857134,0.057142857142857134
31,華碩,PRIME B550M-K/CSM,-962.6628571428569,-963.9999999999998,0.8228571428571426,0.11428571428571427,0.11428571428571427,0.11428571428571427,0.057142857142857134,0.057142857142857134,0.057142857142857134
32,技嘉,H610M S2H V2 DDR4,-962.6628571428569,-963.9999999999998,0.8228571428571426,0.11428571428571427,0.11428571428571427,0.11428571428571427,0.057142857142857134,0.057142857142857134,0.057142857142857134
33,華碩,PRIME H310M-K,-963.0742857142855,-963.9999999999998,0.41142857142857137,0.11428571428571427,0.11428571428571427,0.11428571428571427,0.057142857142857134,0.057142857142857134,0.057142857142857134
34,微星,PRO B760M-P DDR4,-1002.6628571428569,-1003.9999999999998,0.8228571428571426,0.11428571428571427,0.11428571428571427,0.11428571428571427,0.057142857142857134,0.057142857142857134,0.057142857142857134
35,華擎,B650M-H M.2+ WiFi,-1002.6628571428569,-1003.9999999999998,0.8228571428571426,0.11428571428571427,0.11428571428571427,0.11428571428571427,0.057142857142857134,0.057142857142857134,0.057142857142857134
36,華擎,B840M-HVS,-1002.6628571428569,-1003.9999999999998,0.8228571428571426,0.11428571428571427,0.11428571428571427,0.11428571428571427,0.057142857142857134,0.057142857142857134,0.057142857142857134
37,華碩,PRIME B760M-K D4-CSM,-1002.6628571428569,-1003.9999999999998,0.8228571428571426,0.11428571428571427,0.11428571428571427,0.11428571428571427,0.057142857142857134,0.057142857142857134,0.057142857142857134
38,華碩,PRIME B760M-K-CSM,-1002.6628571428569,-1003.9999999999998,0.8228571428571426,0.11428571428571427,0.11428571428571427,0.11428571428571427,0.057142857142857134,0.057142857142857134,0.057142857142857134
39,華碩,PRIME B650M-F-CSM,-1002.6628571428569,-1003.9999999999998,0.8228571428571426,0.11428571428571427,0.11428571428571427,0.11428571428571427,0.057142857142857134,0.057142857142857134,0.057142857142857134
40,技嘉,B550M GAMING X WIFI6,-1002.7199999999998,-1003.9999999999998,0.8228571428571426,0.11428571428571427,0.11428571428571427,0.057142857142857134,0.057142857142857134,0.057142857142857134,0.057142857142857134
41,技嘉,B550M AORUS ELITE,-1002.7314285714283,-1003.9999999999998,0.7542857142857141,0.11428571428571427,0.11428571428571427,0.11428571428571427,0.057142857142857134,0.057142857142857134,0.057142857142857134
42,華擎,B860M-H2,-1003.0742857142855,-1003.9999999999998,0.41142857142857137,0.11428571428571427,0.11428571428571427,0.11428571428571427,0.057142857142857134,0.057142857142857134,0.057142857142857134
43,微星,PRO B650M-P,-1022.6628571428569,-1023.9999999999998,0.8228571428571426,0.11428571428571427,0.11428571428571427,0.11428571428571427,0.057142857142857134,0.057142857142857134,0.057142857142857134
44,微星,PRO B760M-P,-1023.0742857142855,-1023.9999999999998,0.41142857142857137,0.11428571428571427,0.11428571428571427,0.11428571428571427,0.057142857142857134,0.057142857142857134,0.057142857142857134
45,華碩,PRIME H610M-E-CSM,-1023.0742857142855,-1023.9999999999998,0.41142857142857137,0.11428571428571427,0.11428571428571427,0.11428571428571427,0.057142857142857134,0.057142857142857134,0.057142857142857134
46,微星,B760M BOMBER WIFI DDR4,-1042.6628571428569,-1043.9999999999998,0.8228571428571426,0.11428571428571427,0.11428571428571427,0.11428571428571427,0.057142857142857134,0.057142857142857134,0.057142857142857134
47,微星,B760M BOMBER WIFI,-1042.6628571428569,-1043.9999999999998,0.8228571428571426,0.11428571428571427,0.11428571428571427,0.11428571428571427,0.057142857142857134,0.057142857142857134,0.057142857142857134
48,微星,B550M PRO-VDH WIFI,-1042.6628571428569,-1043.9999999999998,0.8228571428571426,0.11428571428571427,0.11428571428571427,0.11428571428571427,0.057142857142857134,0.057142857142857134,0.057142857142857134
49,華碩,PRIME B760M-A D4-CSM,-1042.6628571428569,-1043.9999999999998,0.8228571428571426,0.11428571428571427,0.11428571428571427,0.11428571428571427,0.057142857142857134,0.057142857142857134,0.057142857142857134
50,技嘉,B760M DS3H,-1042.6628571428569,-1043.9999999999998,0.8228571428571426,0.11428571428571427,0.11428571428571427,0.11428571428571427,0.057142857142857134,0.057142857142857134,0.057142857142857134
51,技嘉,B860M GAMING WIFI6,-1042.6628571428569,-1043.9999999999998,0.8228571428571426,0.11428571428571427,0.11428571428571427,0.11428571428571427,0.057142857142857134,0.057142857142857134,0.057142857142857134
52,華擎,H610M-ITX eDP,-1042.7199999999996,-1043.9999999999998,0.8228571428571426,0.11428571428571427,0.11428571428571427,0.057142857142857134,0.057142857142857134,0.057142857142857134,0.057142857142857134
53,華碩,B760M-AYW WIFI D4 阿唷喂,-1062.6628571428569,-1063.9999999999998,0.8228571428571426,0.11428571428571427,0.11428571428571427,0.11428571428571427,0.057142857142857134,0.057142857142857134,0.057142857142857134
54,華碩,B760M-AYW WIFI 阿唷喂,-1062.6628571428569,-1063.9999999999998,0.8228571428571426,0.11428571428571427,0.11428571428571427,0.11428571428571427,0.057142857142857134,0.057142857142857134,0.057142857142857134
55,華碩,PRIME B760M-A-CSM,-1062.6628571428569,-1063.9999999999998,0.8228571428571426,0.11428571428571427,0.11428571428571427,0.11428571428571427,0.057142857142857134,0.057142857142857134,0.057142857142857134
56,華擎,B650M Pro RS,-1082.6628571428569,-1083.9999999999998,0.8228571428571426,0.11428571428571427,0.11428571428571427,0.11428571428571427,0.057142857142857134,0.057142857142857134,0.057142857142857134
57,華碩,TUF GAMING B650M-E,-1082.6628571428569,-1083.9999999999998,0.8228571428571426,0.11428571428571427,0.11428571428571427,0.11428571428571427,0.057142857142857134,0.057142857142857134,0.057142857142857134
58,華擎,A520M-ITX ac,-1083.1314285714282,-1083.9999999999998,0.41142857142857137,0.11428571428571427,0.11428571428571427,0.057142857142857134,0.057142857142857134,0.057142857142857134,0.057142857142857134
59,華擎,B760M Steel Legend WiFi,-1102.6628571428569,-1103.9999999999998,0.8228571428571428,0.11428571428571427,0.11428571428571427,0.11428571428571427,0.057142857142857134,0.057142857142857134,0.057142857142857134
60,華碩,PRIME H610I-PLUS D4-CSM,-1102.6628571428569,-1103.9999999999998,0.8228571428571426,0.11428571428571427,0.11428571428571427,0.11428571428571427,0.057142857142857134,0.057142857142857134,0.057142857142857134
61,華碩,PRIME B860M-K-CSM,-1102.6628571428569,-1103.9999999999998,0.8228571428571426,0.11428571428571427,0.11428571428571427,0.11428571428571427,0.057142857142857134,0.057142857142857134,0.057142857142857134
62,技嘉,B650M GAMING WIFI,-1102.6628571428569,-1103.9999999999998,0.8228571428571426,0.11428571428571427,0.11428571428571427,0.11428571428571427,0.057142857142857134,0.057142857142857134,0.057142857142857134
63,微星,PRO B760M-A DDR4 II,-1122.6628571428569,-1123.9999999999998,0.8228571428571428,0.11428571428571427,0.11428571428571427,0.11428571428571427,0.057142857142857134,0.057142857142857134,0.057142857142857134
64,華碩,B650M-AYW WIFI,-1122.6628571428569,-1123.9999999999998,0.8228571428571426,0.11428571428571427,0.11428571428571427,0.11428571428571427,0.057142857142857134,0.057142857142857134,0.057142857142857134
65,華擎,B850M-X,-1122.7199999999996,-1123.9999999999998,0.8228571428571426,0.11428571428571427,0.11428571428571427,0.057142857142857134,0.057142857142857134,0.057142857142857134,0.057142857142857134
66,微星,PRO B760-P DDR4 II,-1142.6628571428569,-1143.9999999999998,0.8228571428571428,0.11428571428571427,0.11428571428571427,0.11428571428571427,0.057142857142857134,0.057142857142857134,0.057142857142857134
67,微星,B760M GAMING WIFI,-1142.6628571428569,-1143.9999999999998,0.8228571428571426,0.11428571428571427,0.11428571428571427,0.11428571428571427,0.057142857142857134,0.057142857142857134,0.057142857142857134
68,微星,B650M GAMING WIFI,-1142.6628571428569,-1143.9999999999998,0.8228571428571426,0.11428571428571427,0.11428571428571427,0.11428571428571427,0.057142857142857134,0.057142857142857134,0.057142857142857134
69,華擎,B650M PG Lightning WiFi,-1142.6628571428569,-1143.9999999999998,0.8228571428571426,0.11428571428571427,0.11428571428571427,0.11428571428571427,0.057142857142857134,0.057142857142857134,0.057142857142857134
70,華碩,TUF GAMING B760M-E D4,-1142.6628571428569,-1143.9999999999998,0.8228571428571426,0.11428571428571427,0.11428571428571427,0.11428571428571427,0.057142857142857134,0.057142857142857134,0.057142857142857134
71,技嘉,B760M GAMING DDR4,-1142.6628571428569,-1143.9999999999998,0.8228571428571426,0.11428571428571427,0.11428571428571427,0.11428571428571427,0.057142857142857134,0.057142857142857134,0.057142857142857134
72,技嘉,B760M GAMING PLUS WIFI DDR4,-1162.6628571428569,-1163.9999999999998,0.8228571428571426,0.11428571428571427,0.11428571428571427,0.11428571428571427,0.057142857142857134,0.057142857142857134,0.057142857142857134
73,華擎,B850M-X WIFI,-1162.7199999999996,-1163.9999999999998,0.8228571428571426,0.11428571428571427,0.11428571428571427,0.057142857142857134,0.057142857142857134,0.057142857142857134,0.057142857142857134
74,技嘉,B760M DS3H AX DDR4,-1162.7199999999996,-1163.9999999999998,0.8228571428571426,0.11428571428571427,0.11428571428571427,0.057142857142857134,0.057142857142857134,0.057142857142857134,0.057142857142857134
75,華擎,B760M PG LIGHTNING,-1182.6628571428569,-1183.9999999999998,0.8228571428571426,0.11428571428571427,0.11428571428571427,0.11428571428571427,0.057142857142857134,0.057142857142857134,0.057142857142857134
76,華碩,PRIME B760M-A WIFI D4-CSM,-1182.6628571428569,-1183.9999999999998,0.8228571428571426,0.11428571428571427,0.11428571428571427,0.11428571428571427,0.057142857142857134,0.057142857142857134,0.057142857142857134
77,微星,B860M GAMING WIFI,-1202.6628571428569,-1203.9999999999998,0.8228571428571426,0.11428571428571427,0.11428571428571427,0.11428571428571427,0.057142857142857134,0.057142857142857134,0.057142857142857134
78,微星,PRO B650M-A WIFI,-1202.6628571428569,-1203.9999999999998,0.8228571428571426,0.11428571428571427,0.11428571428571427,0.11428571428571427,0.057142857142857134,0.057142857142857134,0.057142857142857134
79,華擎,B850M Pro-A,-1202.6628571428569,-1203.9999999999998,0.8228571428571426,0.11428571428571427,0.11428571428571427,0.11428571428571427,0.057142857142857134,0.057142857142857134,0.057142857142857134
80,華碩,PRIME B860M-A-CSM,-1202.6628571428569,-1203.9999999999998,0.8228571428571426,0.11428571428571427,0.11428571428571427,0.11428571428571427,0.057142857142857134,0.057142857142857134,0.057142857142857134
81,技嘉,B760M DS3H GEN5,-1202.6628571428569,-1203.9999999999998,0.8228571428571426,0.11428571428571427,0.11428571428571427,0.11428571428571427,0.057142857142857134,0.057142857142857134,0.057142857142857134
82,華擎,B550M-ITX ac,-1202.7199999999996,-1203.9999999999998,0.8228571428571426,0.11428571428571427,0.11428571428571427,0.057142857142857134,0.057142857142857134,0.057142857142857134,0.057142857142857134
83,技嘉,B760M DS3H AX,-1202.7199999999996,-1203.9999999999998,0.8228571428571426,0.11428571428571427,0.11428571428571427,0.057142857142857134,0.057142857142857134,0.057142857142857134,0.057142857142857134
84,技嘉,B650M GAMING X AX,-1202.7199999999996,-1203.9999999999998,0.8228571428571426,0.11428571428571427,0.11428571428571427,0.057142857142857134,0.057142857142857134,0.057142857142857134,0.057142857142857134
85,華碩,B860M AYW GAMING WIFI,-1203.0742857142855,-1203.9999999999998,0.41142857142857137,0.11428571428571427,0.11428571428571427,0.11428571428571427,0.057142857142857134,0.057142857142857134,0.057142857142857134
86,微星,B760M GAMING PLUS WIFI DDR4,-1222.6628571428569,-1223.9999999999998,0.8228571428571428,0.11428571428571427,0.11428571428571427,0.11428571428571427,0.057142857142857134,0.057142857142857134,0.057142857142857134
87,微星,B760M GAMING PLUS WIFI,-1222.6628571428569,-1223.9999999999998,0.8228571428571428,0.11428571428571427,0.11428571428571427,0.11428571428571427,0.057142857142857134,0.057142857142857134,0.057142857142857134
88,華碩,PRIME B760M-A WIFI-CSM,-1222.6628571428569,-1223.9999999999998,0.8228571428571426,0.11428571428571427,0.11428571428571427,0.11428571428571427,0.057142857142857134,0.057142857142857134,0.057142857142857134
89,華碩,TUF GAMING B650M-E WIFI,-1222.6628571428569,-1223.9999999999998,0.8228571428571426,0.11428571428571427,0.11428571428571427,0.11428571428571427,0.057142857142857134,0.057142857142857134,0.057142857142857134
90,技嘉,B860M GAMING X WIFI6E,-1222.7199999999996,-1223.9999999999998,0.8228571428571426,0.11428571428571427,0.11428571428571427,0.057142857142857134,0.057142857142857134,0.057142857142857134,0.057142857142857134
91,華擎,B850M Pro-A WiFi,-1242.6628571428569,-1243.9999999999998,0.8228571428571426,0.11428571428571427,0.11428571428571427,0.11428571428571427,0.057142857142857134,0.057142857142857134,0.057142857142857134
92,華碩,TUF GAMING B650M-PLUS,-1242.6628571428569,-1243.9999999999998,0.8228571428571428,0.11428571428571427,0.11428571428571427,0.11428571428571427,0.057142857142857134,0.057142857142857134,0.057142857142857134
93,華擎,B860M Pro-A WiFi,-1243.0742857142855,-1243.9999999999998,0.41142857142857137,0.11428571428571427,0.11428571428571427,0.11428571428571427,0.057142857142857134,0.057142857142857134,0.057142857142857134
94,微星,B760 GAMING PLUS WIFI DDR4,-1262.6628571428569,-1263.9999999999998,0.8228571428571428,0.11428571428571427,0.11428571428571427,0.11428571428571427,0.057142857142857134,0.057142857142857134,0.057142857142857134
95,微星,B760 GAMING PLUS WIFI,-1262.6628571428569,-1263.9999999999998,0.8228571428571428,0.11428571428571427,0.11428571428571427,0.11428571428571427,0.057142857142857134,0.057142857142857134,0.057142857142857134
96,微星,B650M GAMING PLUS WIFI,-1262.6628571428569,-1263.9999999999998,0.8228571428571428,0.11428571428571427,0.11428571428571427,0.11428571428571427,0.057142857142857134,0.057142857142857134,0.057142857142857134
97,技嘉,B850M DS3H ICE,-1262.6628571428569,-1263.9999999999998,0.8228571428571426,0.11428571428571427,0.11428571428571427,0.11428571428571427,0.057142857142857134,0.057142857142857134,0.057142857142857134
98,華碩,TUF GAMING B760M-PLUS WIFI D4,-1282.6628571428569,-1283.9999999999998,0.8228571428571428,0.11428571428571427,0.11428571428571427,0.11428571428571427,0.057142857142857134,0.057142857142857134,0.057142857142857134
99,微星,PRO B860M-B,-1302.6628571428569,-1303.9999999999998,0.8228571428571426,0.11428571428571427,0.11428571428571427,0.11428571428571427,0.057142857142857134,0.057142857142857134,0.057142857142857134
100,微星,B650 GAMING PLUS WIFI,-1302.6628571428569,-1303.9999999999998,0.8228571428571428,0.11428571428571427,0.11428571428571427,0.11428571428571427,0.057142857142857134,0.057142857142857134,0.057142857142857134
101,華擎,B760 Pro RS,-1302.6628571428569,-1303.9999999999998,0.8228571428571426,0.11428571428571427,0.11428571428571427,0.11428571428571427,0.057142857142857134,0.057142857142857134,0.057142857142857134
102,華碩,PRIME B860M-A WIFI-CSM,-1302.6628571428569,-1303.9999999999998,0.8228571428571426,0.11428571428571427,0.11428571428571427,0.11428571428571427,0.057142857142857134,0.057142857142857134,0.057142857142857134
103,華碩,TUF GAMING B860M-PLUS,-1302.6628571428569,-1303.9999999999998,0.8228571428571428,0.11428571428571427,0.11428571428571427,0.11428571428571427,0.057142857142857134,0.057142857142857134,0.057142857142857134
104,華碩,TUF GAMING B650-E WIFI,-1302.6628571428569,-1303.9999999999998,0.8228571428571426,0.11428571428571427,0.11428571428571427,0.11428571428571427,0.057142857142857134,0.057142857142857134,0.057142857142857134
105,華碩,PRIME B850M-K-CSM,-1302.6628571428569,-1303.9999999999998,0.8228571428571426,0.11428571428571427,0.11428571428571427,0.11428571428571427,0.057142857142857134,0.057142857142857134,0.057142857142857134
106,華擎,B760M-ITX D4 WiFi,-1302.7199999999996,-1303.9999999999998,0.8228571428571426,0.11428571428571427,0.11428571428571427,0.057142857142857134,0.057142857142857134,0.057142857142857134,0.057142857142857134
107,技嘉,B650 EAGLE AX,-1302.7199999999996,-1303.9999999999998,0.8228571428571428,0.11428571428571427,0.11428571428571427,0.057142857142857134,0.057142857142857134,0.057142857142857134,0.057142857142857134
108,華擎,B860 Pro-A WiFi,-1303.0742857142855,-1303.9999999999998,0.41142857142857137,0.11428571428571427,0.11428571428571427,0.11428571428571427,0.057142857142857134,0.057142857142857134,0.057142857142857134
109,微星,PRO B840-P WIFI,-1322.6628571428569,-1323.9999999999998,0.8228571428571426,0.11428571428571427,0.11428571428571427,0.11428571428571427,0.057142857142857134,0.057142857142857134,0.057142857142857134
110,微星,PRO B850M-P WIFI,-1322.6628571428569,-1323.9999999999998,0.8228571428571426,0.11428571428571427,0.11428571428571427,0.11428571428571427,0.057142857142857134,0.057142857142857134,0.057142857142857134
111,華擎,B850M Pro RS,-1322.6628571428569,-1323.9999999999998,0.8228571428571426,0.11428571428571427,0.11428571428571427,0.11428571428571427,0.057142857142857134,0.057142857142857134,0.057142857142857134
112,華擎,B850M Pro RS WiFi,-1322.6628571428569,-1323.9999999999998,0.8228571428571426,0.11428571428571427,0.11428571428571427,0.11428571428571427,0.057142857142857134,0.057142857142857134,0.057142857142857134
113,華碩,TUF GAMING B760M-PLUS WIFI II,-1342.6628571428569,-1343.9999999999998,0.8228571428571428,0.11428571428571427,0.11428571428571427,0.11428571428571427,0.057142857142857134,0.057142857142857134,0.057142857142857134
114,華碩,TUF GAMING B650M-PLUS WIFI,-1342.6628571428569,-1343.9999999999998,0.8228571428571428,0.11428571428571427,0.11428571428571427,0.11428571428571427,0.057142857142857134,0.057142857142857134,0.057142857142857134
115,微星,MAG B650M MORTAR WIFI,-1362.6628571428569,-1363.9999999999998,0.8228571428571428,0.11428571428571427,0.11428571428571427,0.11428571428571427,0.057142857142857134,0.057142857142857134,0.057142857142857134
116,華擎,A620I Lightning WIFI,-1362.6628571428569,-1363.9999999999998,0.8228571428571426,0.11428571428571427,0.11428571428571427,0.11428571428571427,0.057142857142857134,0.057142857142857134,0.057142857142857134
117,華碩,ROG CROSSHAIR X870E EXTREME,-1362.7199999999996,-1363.9999999999998,0.8228571428571431,0.11428571428571427,0.11428571428571427,0.057142857142857134,0.057142857142857134,0.057142857142857134,0.057142857142857134
118,微星,PRO B860-P,-1382.6628571428569,-1383.9999999999998,0.8228571428571428,0.11428571428571427,0.11428571428571427,0.11428571428571427,0.057142857142857134,0.057142857142857134,0.057142857142857134
119,微星,B760 TOMAHAWK WIFI DDR4,-1402.6628571428569,-1403.9999999999998,0.8228571428571428,0.11428571428571427,0.11428571428571427,0.11428571428571427,0.057142857142857134,0.057142857142857134,0.057142857142857134
120,微星,MPG B650I EDGE WIFI,-1402.6628571428569,-1403.9999999999998,0.8228571428571426,0.11428571428571427,0.11428571428571427,0.11428571428571427,0.057142857142857134,0.057142857142857134,0.057142857142857134
121,微星,B840 GAMING PLUS WIFI,-1402.6628571428569,-1403.9999999999998,0.8228571428571426,0.11428571428571427,0.11428571428571427,0.11428571428571427,0.057142857142857134,0.057142857142857134,0.057142857142857134
122,華擎,B860I WiFi,-1402.6628571428569,-1403.9999999999998,0.8228571428571426,0.11428571428571427,0.11428571428571427,0.11428571428571427,0.057142857142857134,0.057142857142857134,0.057142857142857134
123,華擎,B850M Steel Legend WiFi,-1402.6628571428569,-1403.9999999999998,0.8228571428571428,0.11428571428571427,0.11428571428571427,0.11428571428571427,0.057142857142857134,0.057142857142857134,0.057142857142857134
124,華碩,TUF GAMING B760-PLUS WIFI,-1402.6628571428569,-1403.9999999999998,0.8228571428571428,0.11428571428571427,0.11428571428571427,0.11428571428571427,0.057142857142857134,0.057142857142857134,0.057142857142857134
125,華碩,TUF GAMING B650-PLUS WIFI,-1402.6628571428569,-1403.9999999999998,0.8228571428571428,0.11428571428571427,0.11428571428571427,0.11428571428571427,0.057142857142857134,0.057142857142857134,0.057142857142857134
126,華碩,B850M AYW GAMING WIFI,-1402.6628571428569,-1403.9999999999998,0.8228571428571426,0.11428571428571427,0.11428571428571427,0.11428571428571427,0.057142857142857134,0.057142857142857134,0.057142857142857134
127,華碩,TUF GAMING B850M-PLUS,-1402.6628571428569,-1403.9999999999998,0.8228571428571428,0.11428571428571427,0.11428571428571427,0.11428571428571427,0.057142857142857134,0.057142857142857134,0.057142857142857134
128,微星,B650M PROJECT ZERO 背插,-1402.7199999999996,-1403.9999999999998,0.8228571428571428,0.11428571428571427,0.11428571428571427,0.057142857142857134,0.057142857142857134,0.057142857142857134,0.057142857142857134
129,技嘉,B760M GAMING X WIFI6E GEN5,-1402.7199999999996,-1403.9999999999998,0.8228571428571426,0.11428571428571427,0.11428571428571427,0.057142857142857134,0.057142857142857134,0.057142857142857134,0.057142857142857134
130,技嘉,B860 GAMING X WIFI6E,-1402.7199999999996,-1403.9999999999998,0.8228571428571428,0.11428571428571427,0.11428571428571427,0.057142857142857134,0.057142857142857134,0.057142857142857134,0.057142857142857134
131,華擎,B860M-X WiFi,-1403.1314285714282,-1403.9999999999998,0.41142857142857137,0.11428571428571427,0.11428571428571427,0.057142857142857134,0.057142857142857134,0.057142857142857134,0.057142857142857134
132,微星,PRO B860M-A WIFI,-1422.6628571428569,-1423.9999999999998,0.8228571428571428,0.11428571428571427,0.11428571428571427,0.11428571428571427,0.057142857142857134,0.057142857142857134,0.057142857142857134
133,微星,PRO B850M-A WIFI,-1462.6628571428569,-1463.9999999999998,0.8228571428571426,0.11428571428571427,0.11428571428571427,0.11428571428571427,0.057142857142857134,0.057142857142857134,0.057142857142857134
134,華碩,TUF GAMING B860M-PLUS WIFI,-1462.6628571428569,-1463.9999999999998,0.8228571428571428,0.11428571428571427,0.11428571428571427,0.11428571428571427,0.057142857142857134,0.057142857142857134,0.057142857142857134
135,技嘉,B860M DS3H WIFI6E,-1462.6628571428569,-1463.9999999999998,0.8228571428571426,0.11428571428571427,0.11428571428571427,0.11428571428571427,0.057142857142857134,0.057142857142857134,0.057142857142857134
136,微星,PRO Z790-P WIFI,-1462.7199999999996,-1463.9999999999998,0.8228571428571428,0.11428571428571427,0.11428571428571427,0.057142857142857134,0.057142857142857134,0.057142857142857134,0.057142857142857134
137,微星,PRO B860-P WIFI,-1482.6628571428569,-1483.9999999999998,0.8228571428571428,0.11428571428571427,0.11428571428571427,0.11428571428571427,0.057142857142857134,0.057142857142857134,0.057142857142857134
138,微星,B850M GAMING PLUS WIFI,-1502.6628571428569,-1503.9999999999998,0.8228571428571426,0.11428571428571427,0.11428571428571427,0.11428571428571427,0.057142857142857134,0.057142857142857134,0.057142857142857134
139,華擎,B860I Lightning WiFi,-1502.6628571428569,-1503.9999999999998,0.8228571428571426,0.11428571428571427,0.11428571428571427,0.11428571428571427,0.057142857142857134,0.057142857142857134,0.057142857142857134
140,華擎,B860M Steel Legend WiFi,-1502.6628571428569,-1503.9999999999998,0.8228571428571428,0.11428571428571427,0.11428571428571427,0.11428571428571427,0.057142857142857134,0.057142857142857134,0.057142857142857134
141,華擎,B650M PG Riptide WiFi White,-1502.6628571428569,-1503.9999999999998,0.8228571428571428,0.11428571428571427,0.11428571428571427,0.11428571428571427,0.057142857142857134,0.057142857142857134,0.057142857142857134
142,華碩,TUF GAMING B850M-E WIFI,-1502.6628571428569,-1503.9999999999998,0.8228571428571426,0.11428571428571427,0.11428571428571427,0.11428571428571427,0.057142857142857134,0.057142857142857134,0.057142857142857134
143,華碩,ROG STRIX B760-I GAMING WIFI ,-1502.7199999999996,-1503.9999999999998,0.8228571428571426,0.11428571428571427,0.11428571428571427,0.057142857142857134,0.057142857142857134,0.057142857142857134,0.057142857142857134
144,華碩,PRIME Z790-P WIFI-CSM,-1502.7199999999996,-1503.9999999999998,0.8228571428571428,0.11428571428571427,0.11428571428571427,0.057142857142857134,0.057142857142857134,0.057142857142857134,0.057142857142857134
145,華碩,ROG STRIX B650-A GAMING WIFI,-1502.7199999999996,-1503.9999999999998,0.8228571428571428,0.11428571428571427,0.11428571428571427,0.057142857142857134,0.057142857142857134,0.057142857142857134,0.057142857142857134
146,技嘉,B760M AORUS ELITE AX,-1502.7199999999996,-1503.9999999999998,0.8228571428571428,0.11428571428571427,0.11428571428571427,0.057142857142857134,0.057142857142857134,0.057142857142857134,0.057142857142857134
147,技嘉,B650M AORUS ELITE AX ICE,-1502.7199999999996,-1503.9999999999998,0.8228571428571428,0.11428571428571427,0.11428571428571427,0.057142857142857134,0.057142857142857134,0.057142857142857134,0.057142857142857134
148,技嘉,B650 AORUS ELITE AX V2,-1502.7199999999996,-1503.9999999999998,0.8228571428571428,0.11428571428571427,0.11428571428571427,0.057142857142857134,0.057142857142857134,0.057142857142857134,0.057142857142857134
149,華碩,B850 MAX GAMING WIFI W,-1502.788571428571,-1503.9999999999998,0.7542857142857141,0.11428571428571427,0.11428571428571427,0.057142857142857134,0.057142857142857134,0.057142857142857134,0.057142857142857134
150,華碩,TUF GAMING B860-PLUS WIFI,-1522.6628571428569,-1523.9999999999998,0.8228571428571428,0.11428571428571427,0.11428571428571427,0.11428571428571427,0.057142857142857134,0.057142857142857134,0.057142857142857134
151,華碩,Z790-AYW WIFI W II 阿唷喂,-1522.9028571428566,-1523.9999999999998,0.6399999999999999,0.11428571428571427,0.11428571428571427,0.057142857142857134,0.057142857142857134,0.057142857142857134,0.057142857142857134
152,微星,B760M EDGE TI WIFI,-1526.6628571428569,-1527.9999999999998,0.8228571428571428,0.11428571428571427,0.11428571428571427,0.11428571428571427,0.057142857142857134,0.057142857142857134,0.057142857142857134
153,微星,B860M GAMING PLUS WIFI,-1526.6628571428569,-1527.9999999999998,0.8228571428571428,0.11428571428571427,0.11428571428571427,0.11428571428571427,0.057142857142857134,0.057142857142857134,0.057142857142857134
154,微星,MAG B860M MORTAR WIFI,-1526.6628571428569,-1527.9999999999998,0.8228571428571428,0.11428571428571427,0.11428571428571427,0.11428571428571427,0.057142857142857134,0.057142857142857134,0.057142857142857134
155,微星,B860 GAMING PLUS WIFI,-1526.6628571428569,-1527.9999999999998,0.8228571428571428,0.11428571428571427,0.11428571428571427,0.11428571428571427,0.057142857142857134,0.057142857142857134,0.057142857142857134
156,微星,MAG B860 TOMAHAWK WIFI,-1526.6628571428569,-1527.9999999999998,0.8228571428571428,0.11428571428571427,0.11428571428571427,0.11428571428571427,0.057142857142857134,0.057142857142857134,0.057142857142857134
157,微星,MAG B650 TOMAHAWK WIFI,-1526.6628571428569,-1527.9999999999998,0.8228571428571428,0.11428571428571427,0.11428571428571427,0.11428571428571427,0.057142857142857134,0.057142857142857134,0.057142857142857134
158,微星,MPG B650 EDGE WIFI,-1526.6628571428569,-1527.9999999999998,0.8228571428571428,0.11428571428571427,0.11428571428571427,0.11428571428571427,0.057142857142857134,0.057142857142857134,0.057142857142857134
159,微星,MPG B850I EDGE TI WIFI,-1526.6628571428569,-1527.9999999999998,0.8228571428571426,0.11428571428571427,0.11428571428571427,0.11428571428571427,0.057142857142857134,0.057142857142857134,0.057142857142857134
160,微星,MAG B850M MORTAR,-1526.6628571428569,-1527.9999999999998,0.8228571428571428,0.11428571428571427,0.11428571428571427,0.11428571428571427,0.057142857142857134,0.057142857142857134,0.057142857142857134
161,微星,MAG B850M MORTAR WIFI,-1526.6628571428569,-1527.9999999999998,0.8228571428571428,0.11428571428571427,0.11428571428571427,0.11428571428571427,0.057142857142857134,0.057142857142857134,0.057142857142857134
162,微星,PRO B850-P WIFI,-1526.6628571428569,-1527.9999999999998,0.8228571428571428,0.11428571428571427,0.11428571428571427,0.11428571428571427,0.057142857142857134,0.057142857142857134,0.057142857142857134
163,微星,B850 GAMING PLUS WIFI,-1526.6628571428569,-1527.9999999999998,0.8228571428571428,0.11428571428571427,0.11428571428571427,0.11428571428571427,0.057142857142857134,0.057142857142857134,0.057142857142857134
164,微星,MPG B850 EDGE TI WIFI,-1526.6628571428569,-1527.9999999999998,0.8228571428571428,0.11428571428571427,0.11428571428571427,0.11428571428571427,0.057142857142857134,0.057142857142857134,0.057142857142857134
165,華擎,W790 WS,-1526.6628571428569,-1527.9999999999998,0.8228571428571431,0.11428571428571427,0.11428571428571427,0.11428571428571427,0.057142857142857134,0.057142857142857134,0.057142857142857134
166,華擎,B860 Steel Legend WiFi,-1526.6628571428569,-1527.9999999999998,0.8228571428571428,0.11428571428571427,0.11428571428571427,0.11428571428571427,0.057142857142857134,0.057142857142857134,0.057142857142857134
167,華擎,B850I LIGHTNING WIFI,-1526.6628571428569,-1527.9999999999998,0.8228571428571426,0.11428571428571427,0.11428571428571427,0.11428571428571427,0.057142857142857134,0.057142857142857134,0.057142857142857134
168,華擎,B850M Riptide WiFi,-1526.6628571428569,-1527.9999999999998,0.8228571428571428,0.11428571428571427,0.11428571428571427,0.11428571428571427,0.057142857142857134,0.057142857142857134,0.057142857142857134
169,華擎,B850 Challenger WiFi,-1526.6628571428569,-1527.9999999999998,0.8228571428571428,0.11428571428571427,0.11428571428571427,0.11428571428571427,0.057142857142857134,0.057142857142857134,0.057142857142857134
170,華擎,B850 Challenger WiFi White,-1526.6628571428569,-1527.9999999999998,0.8228571428571428,0.11428571428571427,0.11428571428571427,0.11428571428571427,0.057142857142857134,0.057142857142857134,0.057142857142857134
171,華擎,B850 PRO-A,-1526.6628571428569,-1527.9999999999998,0.8228571428571428,0.11428571428571427,0.11428571428571427,0.11428571428571427,0.057142857142857134,0.057142857142857134,0.057142857142857134
172,華擎,B850 Pro RS,-1526.6628571428569,-1527.9999999999998,0.8228571428571428,0.11428571428571427,0.11428571428571427,0.11428571428571427,0.057142857142857134,0.057142857142857134,0.057142857142857134
173,華碩,PRO WS W880-ACE SE,-1526.6628571428569,-1527.9999999999998,0.8228571428571428,0.11428571428571427,0.11428571428571427,0.11428571428571427,0.057142857142857134,0.057142857142857134,0.057142857142857134
174,華碩,ProArt B760-CREATOR WIFI,-1526.6628571428569,-1527.9999999999998,0.8228571428571428,0.11428571428571427,0.11428571428571427,0.11428571428571427,0.057142857142857134,0.057142857142857134,0.057142857142857134
175,華碩,TUF GAMING B850M-PLUS WIFI,-1526.6628571428569,-1527.9999999999998,0.8228571428571428,0.11428571428571427,0.11428571428571427,0.11428571428571427,0.057142857142857134,0.057142857142857134,0.057142857142857134
176,華碩,TUF GAMING B850M-PLUS WIFI7,-1526.6628571428569,-1527.9999999999998,0.8228571428571428,0.11428571428571427,0.11428571428571427,0.11428571428571427,0.057142857142857134,0.057142857142857134,0.057142857142857134
177,華碩,TUF GAMING B850M-PLUS WIFI7 W,-1526.6628571428569,-1527.9999999999998,0.8228571428571428,0.11428571428571427,0.11428571428571427,0.11428571428571427,0.057142857142857134,0.057142857142857134,0.057142857142857134
178,華碩,TUF GAMING B850-E WIFI,-1526.6628571428569,-1527.9999999999998,0.8228571428571426,0.11428571428571427,0.11428571428571427,0.11428571428571427,0.057142857142857134,0.057142857142857134,0.057142857142857134
179,技嘉,B860M AORUS ELITE WIFI6E,-1526.6628571428569,-1527.9999999999998,0.8228571428571428,0.11428571428571427,0.11428571428571427,0.11428571428571427,0.057142857142857134,0.057142857142857134,0.057142857142857134
180,技嘉,B860 AORUS ELITE WIFI7 ICE,-1526.6628571428569,-1527.9999999999998,0.8228571428571428,0.11428571428571427,0.11428571428571427,0.11428571428571427,0.057142857142857134,0.057142857142857134,0.057142857142857134
181,技嘉,B850 AORUS ELITE WIFI7,-1526.6628571428569,-1527.9999999999998,0.8228571428571428,0.11428571428571427,0.11428571428571427,0.11428571428571427,0.057142857142857134,0.057142857142857134,0.057142857142857134
182,微星,MPG Z790 CARBON WIFI II,-1526.7199999999996,-1527.9999999999998,0.8228571428571431,0.11428571428571427,0.11428571428571427,0.057142857142857134,0.057142857142857134,0.057142857142857134,0.057142857142857134
183,微星,MPG Z890I EDGE TI WIFI,-1526.7199999999996,-1527.9999999999998,0.8228571428571428,0.11428571428571427,0.11428571428571427,0.057142857142857134,0.057142857142857134,0.057142857142857134,0.057142857142857134
184,微星,PRO Z890-S WIFI,-1526.7199999999996,-1527.9999999999998,0.8228571428571428,0.11428571428571427,0.11428571428571427,0.057142857142857134,0.057142857142857134,0.057142857142857134,0.057142857142857134
185,微星,PRO Z890-S WIFI WHITE,-1526.7199999999996,-1527.9999999999998,0.8228571428571428,0.11428571428571427,0.11428571428571427,0.057142857142857134,0.057142857142857134,0.057142857142857134,0.057142857142857134
186,微星,PRO Z890-P WIFI,-1526.7199999999996,-1527.9999999999998,0.8228571428571428,0.11428571428571427,0.11428571428571427,0.057142857142857134,0.057142857142857134,0.057142857142857134,0.057142857142857134
187,微星,PRO Z890-A WIFI,-1526.7199999999996,-1527.9999999999998,0.8228571428571428,0.11428571428571427,0.11428571428571427,0.057142857142857134,0.057142857142857134,0.057142857142857134,0.057142857142857134
188,微星,Z890 GAMING PLUS WIFI,-1526.7199999999996,-1527.9999999999998,0.8228571428571428,0.11428571428571427,0.11428571428571427,0.057142857142857134,0.057142857142857134,0.057142857142857134,0.057142857142857134
189,微星,MAG Z890 TOMAHAWK WIFI,-1526.7199999999996,-1527.9999999999998,0.8228571428571428,0.11428571428571427,0.11428571428571427,0.057142857142857134,0.057142857142857134,0.057142857142857134,0.057142857142857134
190,微星,MPG Z890 EDGE TI WIFI,-1526.7199999999996,-1527.9999999999998,0.8228571428571428,0.11428571428571427,0.11428571428571427,0.057142857142857134,0.057142857142857134,0.057142857142857134,0.057142857142857134
191,微星,MPG Z890 CARBON WIFI,-1526.7199999999996,-1527.9999999999998,0.8228571428571431,0.11428571428571427,0.11428571428571427,0.057142857142857134,0.057142857142857134,0.057142857142857134,0.057142857142857134
192,微星,MEG Z890 UNIFY-X,-1526.7199999999996,-1527.9999999999998,0.8228571428571431,0.11428571428571427,0.11428571428571427,0.057142857142857134,0.057142857142857134,0.057142857142857134,0.057142857142857134
193,微星,MEG Z890 ACE,-1526.7199999999996,-1527.9999999999998,0.8228571428571431,0.11428571428571427,0.11428571428571427,0.057142857142857134,0.057142857142857134,0.057142857142857134,0.057142857142857134
194,微星,B850 GAMING PLUS WIFI PZ,-1526.7199999999996,-1527.9999999999998,0.8228571428571428,0.11428571428571427,0.11428571428571427,0.057142857142857134,0.057142857142857134,0.057142857142857134,0.057142857142857134
195,微星,MAG B850 TOMAHAWK MAX WIFI,-1526.7199999999996,-1527.9999999999998,0.8228571428571428,0.11428571428571427,0.11428571428571427,0.057142857142857134,0.057142857142857134,0.057142857142857134,0.057142857142857134
196,微星,PRO X870-P WIFI,-1526.7199999999996,-1527.9999999999998,0.8228571428571428,0.11428571428571427,0.11428571428571427,0.057142857142857134,0.057142857142857134,0.057142857142857134,0.057142857142857134
197,微星,X870 GAMING PLUS WIFI,-1526.7199999999996,-1527.9999999999998,0.8228571428571428,0.11428571428571427,0.11428571428571427,0.057142857142857134,0.057142857142857134,0.057142857142857134,0.057142857142857134
198,微星,PRO X870E-P WIFI,-1526.7199999999996,-1527.9999999999998,0.8228571428571428,0.11428571428571427,0.11428571428571427,0.057142857142857134,0.057142857142857134,0.057142857142857134,0.057142857142857134
199,微星,X870E GAMING PLUS WIFI,-1526.7199999999996,-1527.9999999999998,0.8228571428571428,0.11428571428571427,0.11428571428571427,0.057142857142857134,0.057142857142857134,0.057142857142857134,0.057142857142857134
200,微星,MAG X870 TOMAHAWK WIFI,-1526.7199999999996,-1527.9999999999998,0.8228571428571428,0.11428571428571427,0.11428571428571427,0.057142857142857134,0.057142857142857134,0.057142857142857134,0.057142857142857134
201,微星,MAG X870E TOMAHAWK WIFI,-1526.7199999999996,-1527.9999999999998,0.8228571428571428,0.11428571428571427,0.11428571428571427,0.057142857142857134,0.057142857142857134,0.057142857142857134,0.057142857142857134
202,微星,MPG X870E EDGE TI WIFI,-1526.7199999999996,-1527.9999999999998,0.8228571428571428,0.11428571428571427,0.11428571428571427,0.057142857142857134,0.057142857142857134,0.057142857142857134,0.057142857142857134
203,微星,MPG X870E CARBON WIFI,-1526.7199999999996,-1527.9999999999998,0.8228571428571431,0.11428571428571427,0.11428571428571427,0.057142857142857134,0.057142857142857134,0.057142857142857134,0.057142857142857134
204,微星,MEG X870E GODLIKE,-1526.7199999999996,-1527.9999999999998,0.8228571428571431,0.11428571428571427,0.11428571428571427,0.057142857142857134,0.057142857142857134,0.057142857142857134,0.057142857142857134
205,華擎,Z890M Riptide WiFi,-1526.7199999999996,-1527.9999999999998,0.8228571428571428,0.11428571428571427,0.11428571428571427,0.057142857142857134,0.057142857142857134,0.057142857142857134,0.057142857142857134
206,華擎,Z890 Pro-A,-1526.7199999999996,-1527.9999999999998,0.8228571428571428,0.11428571428571427,0.11428571428571427,0.057142857142857134,0.057142857142857134,0.057142857142857134,0.057142857142857134
207,華擎,Z890 Pro-A WiFi,-1526.7199999999996,-1527.9999999999998,0.8228571428571428,0.11428571428571427,0.11428571428571427,0.057142857142857134,0.057142857142857134,0.057142857142857134,0.057142857142857134
208,華擎,Z890 Pro RS WiFi,-1526.7199999999996,-1527.9999999999998,0.8228571428571428,0.11428571428571427,0.11428571428571427,0.057142857142857134,0.057142857142857134,0.057142857142857134,0.057142857142857134
209,華擎,Z890 Pro RS WiFi White,-1526.7199999999996,-1527.9999999999998,0.8228571428571428,0.11428571428571427,0.11428571428571427,0.057142857142857134,0.057142857142857134,0.057142857142857134,0.057142857142857134
210,華擎,Z890 Steel Legend WiFi,-1526.7199999999996,-1527.9999999999998,0.8228571428571431,0.11428571428571427,0.11428571428571427,0.057142857142857134,0.057142857142857134,0.057142857142857134,0.057142857142857134
211,華擎,Z890 Riptide WiFi,-1526.7199999999996,-1527.9999999999998,0.8228571428571431,0.11428571428571427,0.11428571428571427,0.057142857142857134,0.057142857142857134,0.057142857142857134,0.057142857142857134
212,華擎,Z890 Nova WiFi,-1526.7199999999996,-1527.9999999999998,0.8228571428571431,0.11428571428571427,0.11428571428571427,0.057142857142857134,0.057142857142857134,0.057142857142857134,0.057142857142857134
213,華擎,Z890 Taichi Lite,-1526.7199999999996,-1527.9999999999998,0.8228571428571431,0.11428571428571427,0.11428571428571427,0.057142857142857134,0.057142857142857134,0.057142857142857134,0.057142857142857134
214,華擎,Z890 Taichi,-1526.7199999999996,-1527.9999999999998,0.8228571428571431,0.11428571428571427,0.11428571428571427,0.057142857142857134,0.057142857142857134,0.057142857142857134,0.057142857142857134
215,華擎,X870 Pro RS,-1526.7199999999996,-1527.9999999999998,0.8228571428571428,0.11428571428571427,0.11428571428571427,0.057142857142857134,0.057142857142857134,0.057142857142857134,0.057142857142857134
216,華擎,X870 Pro RS WiFi,-1526.7199999999996,-1527.9999999999998,0.8228571428571428,0.11428571428571427,0.11428571428571427,0.057142857142857134,0.057142857142857134,0.057142857142857134,0.057142857142857134
217,華擎,X870 Steel Legend WiFi,-1526.7199999999996,-1527.9999999999998,0.8228571428571428,0.11428571428571427,0.11428571428571427,0.057142857142857134,0.057142857142857134,0.057142857142857134,0.057142857142857134
218,華擎,X870E Nova WiFi,-1526.7199999999996,-1527.9999999999998,0.8228571428571431,0.11428571428571427,0.11428571428571427,0.057142857142857134,0.057142857142857134,0.057142857142857134,0.057142857142857134
219,華擎,X870E Taichi,-1526.7199999999996,-1527.9999999999998,0.8228571428571431,0.11428571428571427,0.11428571428571427,0.057142857142857134,0.057142857142857134,0.057142857142857134,0.057142857142857134
220,華擎,TRX50 WS,-1526.7199999999996,-1527.9999999999998,0.8228571428571431,0.11428571428571427,0.11428571428571427,0.057142857142857134,0.057142857142857134,0.057142857142857134,0.057142857142857134
221,華碩,PRO WS Z890-ACE SE,-1526.7199999999996,-1527.9999999999998,0.8228571428571431,0.11428571428571427,0.11428571428571427,0.057142857142857134,0.057142857142857134,0.057142857142857134,0.057142857142857134
222,華碩,ROG STRIX B760-G GAMING WIFI,-1526.7199999999996,-1527.9999999999998,0.8228571428571428,0.11428571428571427,0.11428571428571427,0.057142857142857134,0.057142857142857134,0.057142857142857134,0.057142857142857134
223,華碩,ROG STRIX B760-A GAMING WIFI,-1526.7199999999996,-1527.9999999999998,0.8228571428571428,0.11428571428571427,0.11428571428571427,0.057142857142857134,0.057142857142857134,0.057142857142857134,0.057142857142857134
224,華碩,TUF GAMING Z790-PLUS WIFI,-1526.7199999999996,-1527.9999999999998,0.8228571428571428,0.11428571428571427,0.11428571428571427,0.057142857142857134,0.057142857142857134,0.057142857142857134,0.057142857142857134
225,華碩,PRIME Z790-A WIFI-CSM,-1526.7199999999996,-1527.9999999999998,0.8228571428571428,0.11428571428571427,0.11428571428571427,0.057142857142857134,0.057142857142857134,0.057142857142857134,0.057142857142857134
226,華碩,ProArt Z790-CREATOR WIFI,-1526.7199999999996,-1527.9999999999998,0.8228571428571428,0.11428571428571427,0.11428571428571427,0.057142857142857134,0.057142857142857134,0.057142857142857134,0.057142857142857134
227,華碩,ROG STRIX Z790-A GAMING WIFI II,-1526.7199999999996,-1527.9999999999998,0.8228571428571428,0.11428571428571427,0.11428571428571427,0.057142857142857134,0.057142857142857134,0.057142857142857134,0.057142857142857134
228,華碩,ROG STRIX B860-A GAMING WIFI,-1526.7199999999996,-1527.9999999999998,0.8228571428571428,0.11428571428571427,0.11428571428571427,0.057142857142857134,0.057142857142857134,0.057142857142857134,0.057142857142857134
229,華碩,PRIME Z890-P WIFI-CSM,-1526.7199999999996,-1527.9999999999998,0.8228571428571428,0.11428571428571427,0.11428571428571427,0.057142857142857134,0.057142857142857134,0.057142857142857134,0.057142857142857134
230,華碩,Z890 AYW GAMING WIFI W,-1526.7199999999996,-1527.9999999999998,0.8228571428571428,0.11428571428571427,0.11428571428571427,0.057142857142857134,0.057142857142857134,0.057142857142857134,0.057142857142857134
231,華碩,TUF GAMING Z890-PRO WIFI,-1526.7199999999996,-1527.9999999999998,0.8228571428571428,0.11428571428571427,0.11428571428571427,0.057142857142857134,0.057142857142857134,0.057142857142857134,0.057142857142857134
232,華碩,ROG STRIX Z890-A GAMING WIFI,-1526.7199999999996,-1527.9999999999998,0.8228571428571428,0.11428571428571427,0.11428571428571427,0.057142857142857134,0.057142857142857134,0.057142857142857134,0.057142857142857134
233,華碩,ROG STRIX Z890-F GAMING WIFI,-1526.7199999999996,-1527.9999999999998,0.8228571428571428,0.11428571428571427,0.11428571428571427,0.057142857142857134,0.057142857142857134,0.057142857142857134,0.057142857142857134
234,華碩,ROG STRIX Z890-E GAMING WIFI,-1526.7199999999996,-1527.9999999999998,0.8228571428571431,0.11428571428571427,0.11428571428571427,0.057142857142857134,0.057142857142857134,0.057142857142857134,0.057142857142857134
235,華碩,ProArt Z890-CREATOR WIFI,-1526.7199999999996,-1527.9999999999998,0.8228571428571428,0.11428571428571427,0.11428571428571427,0.057142857142857134,0.057142857142857134,0.057142857142857134,0.057142857142857134
236,華碩,ROG MAXIMUS Z890 APEX,-1526.7199999999996,-1527.9999999999998,0.8228571428571431,0.11428571428571427,0.11428571428571427,0.057142857142857134,0.057142857142857134,0.057142857142857134,0.057142857142857134
237,華碩,ROG MAXIMUS Z890 HERO,-1526.7199999999996,-1527.9999999999998,0.8228571428571431,0.11428571428571427,0.11428571428571427,0.057142857142857134,0.057142857142857134,0.057142857142857134,0.057142857142857134
238,華碩,ROG MAXIMUS Z890 HERO BTF,-1526.7199999999996,-1527.9999999999998,0.8228571428571431,0.11428571428571427,0.11428571428571427,0.057142857142857134,0.057142857142857134,0.057142857142857134,0.057142857142857134
239,華碩,ROG MAXIMUS Z890 EXTREME,-1526.7199999999996,-1527.9999999999998,0.8228571428571431,0.11428571428571427,0.11428571428571427,0.057142857142857134,0.057142857142857134,0.057142857142857134,0.057142857142857134
240,華碩,ROG STRIX B850-F GAMING WIFI,-1526.7199999999996,-1527.9999999999998,0.8228571428571428,0.11428571428571427,0.11428571428571427,0.057142857142857134,0.057142857142857134,0.057142857142857134,0.057142857142857134
241,華碩,PRIME X870-P WIFI-CSM,-1526.7199999999996,-1527.9999999999998,0.8228571428571428,0.11428571428571427,0.11428571428571427,0.057142857142857134,0.057142857142857134,0.057142857142857134,0.057142857142857134
242,華碩,X870 AYW GAMING WIFI W,-1526.7199999999996,-1527.9999999999998,0.8228571428571428,0.11428571428571427,0.11428571428571427,0.057142857142857134,0.057142857142857134,0.057142857142857134,0.057142857142857134
243,華碩,X870 MAX GAMING WIFI7 W,-1526.7199999999996,-1527.9999999999998,0.8228571428571428,0.11428571428571427,0.11428571428571427,0.057142857142857134,0.057142857142857134,0.057142857142857134,0.057142857142857134
244,華碩,TUF GAMING X870-PLUS WIFI,-1526.7199999999996,-1527.9999999999998,0.8228571428571428,0.11428571428571427,0.11428571428571427,0.057142857142857134,0.057142857142857134,0.057142857142857134,0.057142857142857134
245,華碩,ProArt X870E-CREATOR WIFI,-1526.7199999999996,-1527.9999999999998,0.8228571428571431,0.11428571428571427,0.11428571428571427,0.057142857142857134,0.057142857142857134,0.057142857142857134,0.057142857142857134
246,華碩,ROG STRIX X870-A GAMING WIFI,-1526.7199999999996,-1527.9999999999998,0.8228571428571431,0.11428571428571427,0.11428571428571427,0.057142857142857134,0.057142857142857134,0.057142857142857134,0.057142857142857134
247,華碩,ROG STRIX X870E-E GAMING WIFI,-1526.7199999999996,-1527.9999999999998,0.8228571428571431,0.11428571428571427,0.11428571428571427,0.057142857142857134,0.057142857142857134,0.057142857142857134,0.057142857142857134
248,華碩,ROG CROSSHAIR X870E HERO,-1526.7199999999996,-1527.9999999999998,0.8228571428571431,0.11428571428571427,0.11428571428571427,0.057142857142857134,0.057142857142857134,0.057142857142857134,0.057142857142857134
249,華碩,ROG CROSSHAIR X870E HERO BTF背插,-1526.7199999999996,-1527.9999999999998,0.8228571428571431,0.11428571428571427,0.11428571428571427,0.057142857142857134,0.057142857142857134,0.057142857142857134,0.057142857142857134
250,技嘉,Z890 EAGLE WIFI7,-1526.7199999999996,-1527.9999999999998,0.8228571428571428,0.11428571428571427,0.11428571428571427,0.057142857142857134,0.057142857142857134,0.057142857142857134,0.057142857142857134
251,技嘉,Z890 GAMING X WIFI7,-1526.7199999999996,-1527.9999999999998,0.8228571428571428,0.11428571428571427,0.11428571428571427,0.057142857142857134,0.057142857142857134,0.057142857142857134,0.057142857142857134
252,技嘉,Z890 AORUS ELITE WIFI7 ICE 冰魄白,-1526.7199999999996,-1527.9999999999998,0.8228571428571428,0.11428571428571427,0.11428571428571427,0.057142857142857134,0.057142857142857134,0.057142857142857134,0.057142857142857134
253,技嘉,Z890 AORUS PRO ICE 冰魄白,-1526.7199999999996,-1527.9999999999998,0.8228571428571428,0.11428571428571427,0.11428571428571427,0.057142857142857134,0.057142857142857134,0.057142857142857134,0.057142857142857134
254,技嘉,Z890 AI TOP,-1526.7199999999996,-1527.9999999999998,0.8228571428571428,0.11428571428571427,0.11428571428571427,0.057142857142857134,0.057142857142857134,0.057142857142857134,0.057142857142857134
255,技嘉,Z890 AORUS TACHYON ICE,-1526.7199999999996,-1527.9999999999998,0.8228571428571431,0.11428571428571427,0.11428571428571427,0.057142857142857134,0.057142857142857134,0.057142857142857134,0.057142857142857134
256,技嘉,B650E AORUS ELITE X AX ICE 冰魄白,-1526.7199999999996,-1527.9999999999998,0.8228571428571428,0.11428571428571427,0.11428571428571427,0.057142857142857134,0.057142857142857134,0.057142857142857134,0.057142857142857134
257,技嘉,B850 GAMING X WIFI6E,-1526.7199999999996,-1527.9999999999998,0.8228571428571428,0.11428571428571427,0.11428571428571427,0.057142857142857134,0.057142857142857134,0.057142857142857134,0.057142857142857134
258,技嘉,X870 GAMING X WIFI7,-1526.7199999999996,-1527.9999999999998,0.8228571428571431,0.11428571428571427,0.11428571428571427,0.057142857142857134,0.057142857142857134,0.057142857142857134,0.057142857142857134
259,技嘉,X870 AORUS ELITE WIFI7,-1526.7199999999996,-1527.9999999999998,0.8228571428571431,0.11428571428571427,0.11428571428571427,0.057142857142857134,0.057142857142857134,0.057142857142857134,0.057142857142857134
260,技嘉,X870 AORUS ELITE WIFI7 ICE,-1526.7199999999996,-1527.9999999999998,0.8228571428571431,0.11428571428571427,0.11428571428571427,0.057142857142857134,0.057142857142857134,0.057142857142857134,0.057142857142857134
261,技嘉,X870 AORUS TACHYON ICE,-1526.7199999999996,-1527.9999999999998,0.8228571428571431,0.11428571428571427,0.11428571428571427,0.057142857142857134,0.057142857142857134,0.057142857142857134,0.057142857142857134
262,華擎,B860M Pro RS WiFi,-1527.0742857142855,-1527.9999999999998,0.41142857142857137,0.11428571428571427,0.11428571428571427,0.11428571428571427,0.057142857142857134,0.057142857142857134,0.057142857142857134
263,華碩,PRO WS W680-ACE,-1527.0742857142855,-1527.9999999999998,0.41142857142857137,0.11428571428571427,0.11428571428571427,0.11428571428571427,0.057142857142857134,0.057142857142857134,0.057142857142857134
264,華碩,PRO WS W680-ACE IPMI,-1527.0742857142855,-1527.9999999999998,0.41142857142857137,0.11428571428571427,0.11428571428571427,0.11428571428571427,0.057142857142857134,0.057142857142857134,0.057142857142857134
265,華碩,Pro WS W790-ACE,-1527.0742857142855,-1527.9999999999998,0.41142857142857137,0.11428571428571427,0.11428571428571427,0.11428571428571427,0.057142857142857134,0.057142857142857134,0.057142857142857134
266,技嘉,B860M AORUS ELITE WIFI6E ICE,-1527.0742857142855,-1527.9999999999998,0.41142857142857137,0.11428571428571427,0.11428571428571427,0.11428571428571427,0.057142857142857134,0.057142857142857134,0.057142857142857134
267,技嘉,B850M AORUS ELITE WIFI6E ICE,-1527.0742857142855,-1527.9999999999998,0.41142857142857137,0.11428571428571427,0.11428571428571427,0.11428571428571427,0.057142857142857134,0.057142857142857134,0.057142857142857134
268,技嘉,B850 AORUS ELITE WIFI7 ICE,-1527.0742857142855,-1527.9999999999998,0.41142857142857137,0.11428571428571427,0.11428571428571427,0.11428571428571427,0.057142857142857134,0.057142857142857134,0.057142857142857134
269,微星,MEG Z890 GODLIKE,-1527.1314285714282,-1527.9999999999998,0.41142857142857137,0.11428571428571427,0.11428571428571427,0.057142857142857134,0.057142857142857134,0.057142857142857134,0.057142857142857134
270,華擎,Z890I Nova WiFi,-1527.1314285714282,-1527.9999999999998,0.41142857142857137,0.11428571428571427,0.11428571428571427,0.057142857142857134,0.057142857142857134,0.057142857142857134,0.057142857142857134
271,華碩,ROG STRIX B850-G GAMING WIFI,-1527.1314285714282,-1527.9999999999998,0.41142857142857137,0.11428571428571427,0.11428571428571427,0.057142857142857134,0.057142857142857134,0.057142857142857134,0.057142857142857134
272,華碩,ROG STRIX B850-A GAMING WIFI,-1527.1314285714282,-1527.9999999999998,0.41142857142857137,0.11428571428571427,0.11428571428571427,0.057142857142857134,0.057142857142857134,0.057142857142857134,0.057142857142857134
273,華碩,Pro WS TRX50-SAGE WIFI A,-1527.1314285714282,-1527.9999999999998,0.41142857142857137,0.11428571428571427,0.11428571428571427,0.057142857142857134,0.057142857142857134,0.057142857142857134,0.057142857142857134
274,華碩,Pro WS TRX50-SAGE WIFI,-1527.1314285714282,-1527.9999999999998,0.41142857142857153,0.11428571428571427,0.11428571428571427,0.057142857142857134,0.057142857142857134,0.057142857142857134,0.057142857142857134
275,技嘉,X870E AORUS PRO ICE,-1527.1314285714282,-1527.9999999999998,0.41142857142857137,0.11428571428571427,0.11428571428571427,0.057142857142857134,0.057142857142857134,0.057142857142857134,0.057142857142857134
276,NZXT,N9 Z890,-1527.1314285714282,-1527.9999999999998,0.41142857142857137,0.11428571428571427,0.11428571428571427,0.057142857142857134,0.057142857142857134,0.057142857142857134,0.057142857142857134
277,NZXT,N9 X870E,-1527.1314285714282,-1527.9999999999998,0.41142857142857137,0.11428571428571427,0.11428571428571427,0.057142857142857134,0.057142857142857134,0.057142857142857134,0.057142857142857134
