排名,BRAND,MODEL,總分,price_分數,white_分數,black_分數,RGB light_分數,Max_RPM_分數,Noise_Level_分數
1,華碩,ROG STRIX XF120,430.37500000000006,430.0333333333334,0.016666666666666666,0.016666666666666666,0.016666666666666666,0.16666666666666666,0.125
2,振華,MEGACOOL,430.33333333333337,430.0333333333334,0.016666666666666666,0.016666666666666666,0.016666666666666666,0.16666666666666666,0.08333333333333333
3,華碩,TUF Gaming TR120 ARGB(黑) 風扇,430.33333333333337,430.0333333333334,0.016666666666666666,0.016666666666666663,0.016666666666666663,0.16666666666666666,0.08333333333333333
4,華碩,TUF Gaming TR120 ARGB(白) 風扇,430.33333333333337,430.0333333333334,0.016666666666666663,0.016666666666666666,0.016666666666666663,0.16666666666666666,0.08333333333333333
5,華碩,TUF Gaming TR120 ARGB(黑) 反向扇,430.33333333333337,430.0333333333334,0.016666666666666666,0.016666666666666663,0.016666666666666663,0.16666666666666666,0.08333333333333333
6,華碩,TUF Gaming TR120 ARGB(白) 反向扇,430.33333333333337,430.0333333333334,0.016666666666666663,0.016666666666666666,0.016666666666666663,0.16666666666666666,0.08333333333333333
7,威剛,XPG VENTO PRO 120 PWM 風扇,430.33333333333337,430.0333333333334,0.016666666666666666,0.016666666666666666,0.016666666666666666,0.16666666666666666,0.08333333333333333
8,Phanteks,D30-120 D-RGB 黑 12cm 風扇(Regular) 三顆裝,430.33333333333337,430.0333333333334,0.016666666666666666,0.016666666666666663,0.016666666666666663,0.16666666666666666,0.08333333333333333
9,Phanteks,D30-120 D-RGB 白 12cm 風扇(Regular) 三顆裝,430.33333333333337,430.0333333333334,0.016666666666666663,0.016666666666666666,0.016666666666666663,0.16666666666666666,0.08333333333333333
10,Phanteks,D30-120 D-RGB 黑 12cm 反向扇(Reversed) 三顆裝,430.33333333333337,430.0333333333334,0.016666666666666666,0.016666666666666663,0.016666666666666663,0.16666666666666666,0.08333333333333333
11,Phanteks,D30-120 D-RGB 白 12cm 反向扇(Reversed) 三顆裝,430.33333333333337,430.0333333333334,0.016666666666666663,0.016666666666666666,0.016666666666666663,0.16666666666666666,0.08333333333333333
12,Phanteks,D30-140 D-RGB 黑 14cm 風扇(Regular) 三顆裝,430.33333333333337,430.0333333333334,0.016666666666666666,0.016666666666666663,0.016666666666666663,0.16666666666666666,0.08333333333333333
13,Phanteks,D30-140 D-RGB 白 14cm 風扇(Regular) 三顆裝,430.33333333333337,430.0333333333334,0.016666666666666663,0.016666666666666666,0.016666666666666663,0.16666666666666666,0.08333333333333333
14,Phanteks,D30-140 D-RGB 黑 14cm 反向扇(Reversed) 三顆裝,430.33333333333337,430.0333333333334,0.016666666666666666,0.016666666666666663,0.016666666666666663,0.16666666666666666,0.08333333333333333
15,Phanteks,D30-140 D-RGB 白 14cm 反向扇(Reversed) 三顆裝,430.33333333333337,430.0333333333334,0.016666666666666663,0.016666666666666666,0.016666666666666663,0.16666666666666666,0.08333333333333333
16,Phanteks,T30 三顆裝,430.33333333333337,430.0333333333334,0.016666666666666666,0.016666666666666666,0.016666666666666666,0.16666666666666666,0.08333333333333333
17,darkFlash,GAUSS G24黑,430.33333333333337,430.0333333333334,0.016666666666666666,0.016666666666666663,0.016666666666666663,0.16666666666666666,0.08333333333333333
18,darkFlash,GAUSS G24白,430.33333333333337,430.0333333333334,0.016666666666666663,0.016666666666666666,0.016666666666666663,0.16666666666666666,0.08333333333333333
19,darkFlash,GAUSS G24R 黑,430.33333333333337,430.0333333333334,0.016666666666666666,0.016666666666666663,0.016666666666666663,0.16666666666666666,0.08333333333333333
20,darkFlash,GAUSS G24R 白,430.33333333333337,430.0333333333334,0.016666666666666663,0.016666666666666666,0.016666666666666663,0.16666666666666666,0.08333333333333333
21,Scythe,Grand Tornado 120 龍風丸 2000,430.33333333333337,430.0333333333334,0.016666666666666666,0.016666666666666666,0.016666666666666666,0.16666666666666666,0.08333333333333333
22,Scythe,Grand Tornado 120 龍風丸 3000,430.33333333333337,430.0333333333334,0.016666666666666666,0.016666666666666666,0.016666666666666666,0.16666666666666666,0.08333333333333333
23,聯力,UNI FAN SL-INF 120 積木扇(黑) 12cm,430.33333333333337,430.0333333333334,0.016666666666666666,0.016666666666666663,0.016666666666666663,0.16666666666666666,0.08333333333333333
24,聯力,UNI FAN SL-INF 120 積木扇(白) 12cm,430.33333333333337,430.0333333333334,0.016666666666666663,0.016666666666666666,0.016666666666666663,0.16666666666666666,0.08333333333333333
25,聯力,UNI FAN SL Wireless 120 反向扇(黑) 三顆裝+控制器,430.33333333333337,430.0333333333334,0.016666666666666666,0.016666666666666663,0.016666666666666666,0.16666666666666666,0.08333333333333333
26,聯力,UNI FAN SL Wireless 120 反向扇(白) 三顆裝+控制器,430.33333333333337,430.0333333333334,0.016666666666666663,0.016666666666666666,0.016666666666666666,0.16666666666666666,0.08333333333333333
27,聯力,UNI FAN SL Wireless LCD 120 反向扇(黑) 三顆裝+控制器,430.33333333333337,430.0333333333334,0.016666666666666666,0.016666666666666663,0.016666666666666666,0.16666666666666666,0.08333333333333333
28,聯力,UNI FAN SL Wireless LCD 120 反向扇(白) 三顆裝+控制器,430.33333333333337,430.0333333333334,0.016666666666666663,0.016666666666666666,0.016666666666666666,0.16666666666666666,0.08333333333333333
29,聯力,UNI FAN TL Wireless 120 反向扇(黑) 三顆裝+控制器,430.33333333333337,430.0333333333334,0.016666666666666666,0.016666666666666663,0.016666666666666666,0.16666666666666666,0.08333333333333333
30,聯力,UNI FAN TL Wireless 120 反向扇(白) 三顆裝+控制器,430.33333333333337,430.0333333333334,0.016666666666666663,0.016666666666666666,0.016666666666666666,0.16666666666666666,0.08333333333333333
31,聯力,UNI FAN TL Wireless LCD 120 積木扇(黑) 單顆裝,430.33333333333337,430.0333333333334,0.016666666666666666,0.016666666666666663,0.016666666666666666,0.16666666666666666,0.08333333333333333
32,聯力,UNI FAN TL Wireless LCD 120 積木扇(白) 單顆裝,430.33333333333337,430.0333333333334,0.016666666666666663,0.016666666666666666,0.016666666666666666,0.16666666666666666,0.08333333333333333
33,聯力,UNI FAN TL Wireless LCD 120 反向扇(黑) 單顆裝,430.33333333333337,430.0333333333334,0.016666666666666666,0.016666666666666663,0.016666666666666666,0.16666666666666666,0.08333333333333333
34,聯力,UNI FAN TL Wireless LCD 120 反向扇(黑) 三顆裝+控制器,430.33333333333337,430.0333333333334,0.016666666666666666,0.016666666666666663,0.016666666666666666,0.16666666666666666,0.08333333333333333
35,聯力,UNI FAN TL Wireless LCD 120 反向扇(白) 單顆裝,430.33333333333337,430.0333333333334,0.016666666666666663,0.016666666666666666,0.016666666666666666,0.16666666666666666,0.08333333333333333
36,酷碼,MasterFan MF120,430.33333333333337,430.0333333333334,0.016666666666666663,0.016666666666666666,0.016666666666666666,0.16666666666666666,0.08333333333333333
37,NZXT,顯卡直立套件 黑 內建PCI-E 4.0/220,430.33333333333337,430.0333333333334,0.016666666666666666,0.016666666666666663,0.016666666666666666,0.16666666666666666,0.08333333333333333
38,NZXT,顯卡直立套件 白 內建PCI-E 4.0/220,430.33333333333337,430.0333333333334,0.016666666666666663,0.016666666666666666,0.016666666666666666,0.16666666666666666,0.08333333333333333
39,NZXT,F240,430.33333333333337,430.0333333333334,0.016666666666666663,0.016666666666666666,0.016666666666666663,0.16666666666666666,0.08333333333333333
40,NZXT,F360,430.33333333333337,430.0333333333334,0.016666666666666663,0.016666666666666666,0.016666666666666663,0.16666666666666666,0.08333333333333333
41,貓頭鷹,Noctua NF-A12x25 G2 PWM Sx2-PP,430.33333333333337,430.0333333333334,0.016666666666666666,0.016666666666666666,0.016666666666666666,0.16666666666666666,0.08333333333333333
42,貓頭鷹,Noctua NF-A14x25 G2 PWM Sx2-PP,430.33333333333337,430.0333333333334,0.016666666666666666,0.016666666666666666,0.016666666666666666,0.16666666666666666,0.08333333333333333
43,華碩,ROG Herculx 白色版,430.33333333333337,430.0333333333334,0.016666666666666663,0.016666666666666666,0.016666666666666663,0.16666666666666666,0.08333333333333333
44,曜越,TtMod 高密度編織線/內含理線梳/延長線組合包/線規16,430.33333333333337,430.0333333333334,0.016666666666666666,0.016666666666666666,0.016666666666666666,0.16666666666666666,0.08333333333333333
45,聯力,EDGE 850W 白,430.33333333333337,430.0333333333334,0.016666666666666663,0.016666666666666666,0.016666666666666666,0.16666666666666666,0.08333333333333333
46,聯力,EDGE 1000W 黑,430.33333333333337,430.0333333333334,0.016666666666666663,0.016666666666666663,0.016666666666666666,0.16666666666666666,0.08333333333333333
47,聯力,EDGE 1000W 白,430.33333333333337,430.0333333333334,0.016666666666666663,0.016666666666666666,0.016666666666666666,0.16666666666666666,0.08333333333333333
48,聯力,EDGE 1300W 黑,430.33333333333337,430.0333333333334,0.016666666666666663,0.016666666666666663,0.016666666666666666,0.16666666666666666,0.08333333333333333
49,聯力,EDGE 1300W,430.33333333333337,430.0333333333334,0.016666666666666663,0.016666666666666666,0.016666666666666666,0.16666666666666666,0.08333333333333333
50,利民,Thermalright SG-850(850W),430.33333333333337,430.0333333333334,0.016666666666666666,0.016666666666666666,0.016666666666666666,0.16666666666666666,0.08333333333333333
51,NZXT,C1000(1000W) ATX3.1 黑,430.33333333333337,430.0333333333334,0.016666666666666666,0.016666666666666663,0.016666666666666666,0.16666666666666666,0.08333333333333333
52,NZXT,C1000(1000W) ATX3.1 白,430.33333333333337,430.0333333333334,0.016666666666666663,0.016666666666666666,0.016666666666666666,0.16666666666666666,0.08333333333333333
53,NZXT,C1200(1200W) ATX3.1 黑,430.33333333333337,430.0333333333334,0.016666666666666666,0.016666666666666663,0.016666666666666666,0.16666666666666666,0.08333333333333333
54,NZXT,C1200(1200W) ATX3.1 白,430.33333333333337,430.0333333333334,0.016666666666666663,0.016666666666666666,0.016666666666666666,0.16666666666666666,0.08333333333333333
55,貓頭鷹,Noctua NF-A14x25 G2 PWM,417.19166666666666,416.85,0.016666666666666666,0.016666666666666666,0.016666666666666666,0.16666666666666666,0.125
56,華碩,ROG Herculx,415.48333333333335,415.1833333333334,0.016666666666666666,0.016666666666666666,0.016666666666666663,0.16666666666666666,0.08333333333333333
57,聯力,UNI FAN SL Wireless LCD 120 積木扇(黑) 單顆裝,408.65,408.35,0.016666666666666666,0.016666666666666663,0.016666666666666666,0.16666666666666666,0.08333333333333333
58,聯力,UNI FAN SL Wireless LCD 120 積木扇(白) 單顆裝,408.65,408.35,0.016666666666666663,0.016666666666666666,0.016666666666666666,0.16666666666666666,0.08333333333333333
59,聯力,UNI FAN SL Wireless LCD 120 反向扇(黑) 單顆裝,408.65,408.35,0.016666666666666666,0.016666666666666663,0.016666666666666666,0.16666666666666666,0.08333333333333333
60,聯力,UNI FAN SL Wireless LCD 120 反向扇(白) 單顆裝,408.65,408.35,0.016666666666666663,0.016666666666666666,0.016666666666666666,0.16666666666666666,0.08333333333333333
61,貓頭鷹,Noctua NF-A12x25 PWM chromax.black.swap,404.65,404.35,0.016666666666666666,0.016666666666666663,0.016666666666666666,0.16666666666666666,0.08333333333333333
62,COUGAR,Unity 360 ARGB 黑(反向) 一體式風扇,398.85833333333335,398.5166666666667,0.016666666666666666,0.016666666666666663,0.016666666666666663,0.16666666666666666,0.125
63,COUGAR,Unity 360 ARGB 白(反向) 一體式風扇,398.85833333333335,398.5166666666667,0.016666666666666663,0.016666666666666666,0.016666666666666663,0.16666666666666666,0.125
64,COUGAR,Unity 360 ARGB 黑(正向) 一體式風扇,398.81666666666666,398.5166666666667,0.016666666666666666,0.016666666666666663,0.016666666666666663,0.16666666666666666,0.08333333333333333
65,COUGAR,Unity 360 ARGB 白(正向) 一體式風扇,398.81666666666666,398.5166666666667,0.016666666666666663,0.016666666666666666,0.016666666666666663,0.16666666666666666,0.08333333333333333
66,幾何未來,Squama 龍鱗 2503W(白) 12cm風扇,398.81666666666666,398.5166666666667,0.016666666666666663,0.016666666666666666,0.016666666666666663,0.16666666666666666,0.08333333333333333
67,Apexgaming,A-Cool 無雙 12,398.81666666666666,398.5166666666667,0.016666666666666663,0.016666666666666666,0.016666666666666663,0.16666666666666666,0.08333333333333333
68,貓頭鷹,Noctua NF-A12x25 G2 PWM,398.02500000000003,397.6833333333334,0.016666666666666666,0.016666666666666666,0.016666666666666666,0.16666666666666666,0.125
69,貓頭鷹,Noctua NF-A12x25 PWM,397.98333333333335,397.6833333333334,0.016666666666666666,0.016666666666666666,0.016666666666666666,0.16666666666666666,0.08333333333333333
70,貓頭鷹,Noctua NF-A12x25 LS-PWM,397.98333333333335,397.6833333333334,0.016666666666666666,0.016666666666666666,0.016666666666666666,0.16666666666666666,0.08333333333333333
71,貓頭鷹,Noctua NF-A12x25 G2 LS-PWM,397.98333333333335,397.6833333333334,0.016666666666666666,0.016666666666666666,0.016666666666666666,0.16666666666666666,0.08333333333333333
72,威剛,XPG HURRICANE 120 ARGB 風扇,397.15,396.85,0.016666666666666666,0.016666666666666666,0.016666666666666663,0.16666666666666666,0.08333333333333333
73,威剛,XPG HURRICANE 120 ARGB(白) 風扇,397.15,396.85,0.016666666666666663,0.016666666666666666,0.016666666666666663,0.16666666666666666,0.08333333333333333
74,貓頭鷹,Noctua NF-A12x25 FLX,395.48333333333335,395.1833333333334,0.016666666666666666,0.016666666666666666,0.016666666666666666,0.16666666666666666,0.08333333333333333
75,華碩,Prime MR120 ARGB(白) 風扇,383.65,383.35,0.016666666666666663,0.016666666666666666,0.016666666666666663,0.16666666666666666,0.08333333333333333
76,華碩,Prime MR120 ARGB(白) 反向扇,383.65,383.35,0.016666666666666663,0.016666666666666666,0.016666666666666663,0.16666666666666666,0.08333333333333333
77,Antec,F12 Racing ARGB 12cm 風扇,382.19166666666666,381.85,0.016666666666666666,0.016666666666666666,0.016666666666666663,0.16666666666666666,0.125
78,Phanteks,D30-120 D-RGB 黑 12cm 風扇(Regular) 單顆裝,382.15,381.85,0.016666666666666666,0.016666666666666663,0.016666666666666663,0.16666666666666666,0.08333333333333333
79,Phanteks,D30-120 D-RGB 白 12cm 風扇(Regular) 單顆裝,382.15,381.85,0.016666666666666663,0.016666666666666666,0.016666666666666663,0.16666666666666666,0.08333333333333333
80,Phanteks,D30-120 D-RGB 黑 12cm 反向扇(Reversed) 單顆裝,382.15,381.85,0.016666666666666666,0.016666666666666663,0.016666666666666663,0.16666666666666666,0.08333333333333333
81,Phanteks,D30-120 D-RGB 白 12cm 反向扇(Reversed) 單顆裝,382.15,381.85,0.016666666666666663,0.016666666666666666,0.016666666666666663,0.16666666666666666,0.08333333333333333
82,Phanteks,D30-140 D-RGB 黑 14cm 風扇(Regular) 單顆裝,382.15,381.85,0.016666666666666666,0.016666666666666663,0.016666666666666663,0.16666666666666666,0.08333333333333333
83,Phanteks,D30-140 D-RGB 白 14cm 風扇(Regular) 單顆裝,382.15,381.85,0.016666666666666663,0.016666666666666666,0.016666666666666663,0.16666666666666666,0.08333333333333333
84,Phanteks,D30-140 D-RGB 黑 14cm 反向扇(Reversed) 單顆裝,382.15,381.85,0.016666666666666666,0.016666666666666663,0.016666666666666663,0.16666666666666666,0.08333333333333333
85,Phanteks,D30-140 D-RGB 白 14cm 反向扇(Reversed) 單顆裝,382.15,381.85,0.016666666666666663,0.016666666666666666,0.016666666666666663,0.16666666666666666,0.08333333333333333
86,Phanteks,T30,382.15,381.85,0.016666666666666666,0.016666666666666666,0.016666666666666666,0.16666666666666666,0.08333333333333333
87,華碩,Prime MR120 ARGB(黑) 風扇,366.98333333333335,366.6833333333334,0.016666666666666666,0.016666666666666663,0.016666666666666663,0.16666666666666666,0.08333333333333333
88,華碩,Prime MR120 ARGB(黑) 反向扇,366.98333333333335,366.6833333333334,0.016666666666666666,0.016666666666666663,0.016666666666666663,0.16666666666666666,0.08333333333333333
89,喬思伯,ZB-360 黑(反向) 一體式風扇,365.52500000000003,365.1833333333334,0.016666666666666666,0.016666666666666663,0.016666666666666663,0.16666666666666666,0.125
90,喬思伯,ZB-360 白(反向) 一體式風扇,365.52500000000003,365.1833333333334,0.016666666666666663,0.016666666666666666,0.016666666666666663,0.16666666666666666,0.125
91,喬思伯,ZB-360 黑(正向) 一體式風扇,365.48333333333335,365.1833333333334,0.016666666666666666,0.016666666666666663,0.016666666666666663,0.16666666666666666,0.08333333333333333
92,喬思伯,ZB-360 白(正向) 一體式風扇,365.48333333333335,365.1833333333334,0.016666666666666663,0.016666666666666666,0.016666666666666663,0.16666666666666666,0.08333333333333333
93,Scythe,Wonder Tornado 120 霓風丸 2500,365.48333333333335,365.1833333333334,0.016666666666666663,0.016666666666666666,0.016666666666666663,0.16666666666666666,0.08333333333333333
94,聯力,UNI FAN TL Wireless 120 積木扇(黑) 單顆裝,365.48333333333335,365.1833333333334,0.016666666666666666,0.016666666666666663,0.016666666666666666,0.16666666666666666,0.08333333333333333
95,聯力,UNI FAN TL Wireless 120 積木扇(白) 單顆裝,365.48333333333335,365.1833333333334,0.016666666666666663,0.016666666666666666,0.016666666666666666,0.16666666666666666,0.08333333333333333
96,聯力,UNI FAN TL Wireless 120 反向扇(黑) 單顆裝,365.48333333333335,365.1833333333334,0.016666666666666666,0.016666666666666663,0.016666666666666666,0.16666666666666666,0.08333333333333333
97,聯力,UNI FAN TL Wireless 120 反向扇(白) 單顆裝,365.48333333333335,365.1833333333334,0.016666666666666663,0.016666666666666666,0.016666666666666666,0.16666666666666666,0.08333333333333333
98,貓頭鷹,Noctua NF-A14PWM chromax.black.swap,364.65,364.35,0.016666666666666666,0.016666666666666663,0.016666666666666666,0.16666666666666666,0.08333333333333333
99,貓頭鷹,Noctua NF-A12x15 PWM chromax.black.swap,361.31666666666666,361.0166666666667,0.016666666666666666,0.016666666666666663,0.016666666666666666,0.16666666666666666,0.08333333333333333
100,darkFlash,S100 12cm 白,353.52500000000003,353.1833333333334,0.016666666666666663,0.016666666666666666,0.016666666666666666,0.16666666666666666,0.125
101,Acer,Predator Frostblade 120 風扇,350.35833333333335,350.0166666666667,0.016666666666666666,0.016666666666666663,0.016666666666666663,0.16666666666666666,0.125
102,MSI,MAG F120 ARGB(白) 12cm 反葉風扇,350.31666666666666,350.0166666666667,0.016666666666666663,0.016666666666666666,0.016666666666666663,0.16666666666666666,0.08333333333333333
103,曜越,CT140 ARGB 黑 14cm風扇,348.85833333333335,348.5166666666667,0.016666666666666666,0.016666666666666663,0.016666666666666663,0.16666666666666666,0.125
104,曜越,CT140 ARGB 白 14cm風扇,348.85833333333335,348.5166666666667,0.016666666666666663,0.016666666666666666,0.016666666666666663,0.16666666666666666,0.125
105,貓頭鷹,Noctua NF-A14PWM,348.81666666666666,348.5166666666667,0.016666666666666666,0.016666666666666666,0.016666666666666666,0.16666666666666666,0.08333333333333333
106,貓頭鷹,Noctua NF-A14FLX,348.81666666666666,348.5166666666667,0.016666666666666666,0.016666666666666666,0.016666666666666666,0.16666666666666666,0.08333333333333333
107,貓頭鷹,Noctua NF-F12 PWM chromax.black.swap,346.31666666666666,346.0166666666667,0.016666666666666666,0.016666666666666663,0.016666666666666666,0.16666666666666666,0.08333333333333333
108,聯力,UNI FAN SL Wireless 120 積木扇(黑) 單顆裝,340.48333333333335,340.1833333333334,0.016666666666666666,0.016666666666666663,0.016666666666666666,0.16666666666666666,0.08333333333333333
109,聯力,UNI FAN SL Wireless 120 積木扇(白) 單顆裝,340.48333333333335,340.1833333333334,0.016666666666666663,0.016666666666666666,0.016666666666666666,0.16666666666666666,0.08333333333333333
110,聯力,UNI FAN SL Wireless 120 反向扇(黑) 單顆裝,340.48333333333335,340.1833333333334,0.016666666666666666,0.016666666666666663,0.016666666666666666,0.16666666666666666,0.08333333333333333
111,聯力,UNI FAN SL Wireless 120 反向扇(白) 單顆裝,340.48333333333335,340.1833333333334,0.016666666666666663,0.016666666666666666,0.016666666666666666,0.16666666666666666,0.08333333333333333
112,貓頭鷹,Noctua NF-S12A PWM,336.31666666666666,336.0166666666667,0.016666666666666666,0.016666666666666666,0.016666666666666666,0.16666666666666666,0.08333333333333333
113,貓頭鷹,Noctua NF-S12A FLX,336.31666666666666,336.0166666666667,0.016666666666666666,0.016666666666666666,0.016666666666666666,0.16666666666666666,0.08333333333333333
114,darkFlash,S100 12cm 黑,333.52500000000003,333.1833333333334,0.016666666666666666,0.016666666666666663,0.016666666666666666,0.16666666666666666,0.125
115,威剛,XPG VENTO 120 ARGB(白) 風扇,333.48333333333335,333.1833333333334,0.016666666666666663,0.016666666666666666,0.016666666666666663,0.16666666666666666,0.08333333333333333
116,貓頭鷹,Noctua NF-F12,332.98333333333335,332.6833333333334,0.016666666666666666,0.016666666666666666,0.016666666666666666,0.16666666666666666,0.08333333333333333
117,喬思伯,ZB-240 黑(反向) 一體式風扇,332.19166666666666,331.85,0.016666666666666666,0.016666666666666663,0.016666666666666663,0.16666666666666666,0.125
118,喬思伯,ZB-240 白(反向) 一體式風扇,332.19166666666666,331.85,0.016666666666666663,0.016666666666666666,0.016666666666666663,0.16666666666666666,0.125
119,台達,AK-12,332.15,331.85,0.016666666666666666,0.016666666666666666,0.016666666666666666,0.16666666666666666,0.08333333333333333
120,MONTECH,E28 ARGB 黑 12cm 三顆裝,332.15,331.85,0.016666666666666666,0.016666666666666663,0.016666666666666663,0.16666666666666666,0.08333333333333333
121,MONTECH,E28 ARGB 白 12cm 三顆裝,332.15,331.85,0.016666666666666663,0.016666666666666666,0.016666666666666663,0.16666666666666666,0.08333333333333333
122,喬思伯,ZB-240 黑(正向) 一體式風扇,332.15,331.85,0.016666666666666666,0.016666666666666663,0.016666666666666663,0.16666666666666666,0.08333333333333333
123,喬思伯,ZB-240 白(正向) 一體式風扇,332.15,331.85,0.016666666666666663,0.016666666666666666,0.016666666666666663,0.16666666666666666,0.08333333333333333
124,曜越,CT120 ARGB 黑 12cm風扇,332.15,331.85,0.016666666666666666,0.016666666666666663,0.016666666666666663,0.16666666666666666,0.08333333333333333
125,曜越,CT120 ARGB 白 12cm風扇,332.15,331.85,0.016666666666666663,0.016666666666666666,0.016666666666666663,0.16666666666666666,0.08333333333333333
126,威剛,XPG HURRICANE 140 ARGB 風扇,315.525,315.18333333333334,0.016666666666666666,0.016666666666666666,0.016666666666666663,0.16666666666666666,0.125
127,威剛,XPG HURRICANE 140 ARGB(白) 風扇,315.525,315.18333333333334,0.016666666666666663,0.016666666666666666,0.016666666666666663,0.16666666666666666,0.125
128,利民,TL-B14 14cm風扇(灰黑),313.8583333333333,313.51666666666665,0.016666666666666666,0.016666666666666663,0.016666666666666666,0.16666666666666666,0.125
129,利民,TL-B14W 14cm風扇(全白),313.8583333333333,313.51666666666665,0.016666666666666663,0.016666666666666666,0.016666666666666666,0.16666666666666666,0.125
130,利民,TL-B12 12cm風扇(灰黑),308.8166666666666,308.51666666666665,0.016666666666666666,0.016666666666666663,0.016666666666666666,0.16666666666666666,0.08333333333333333
131,酷碼,MasterFan MF140,300.3166666666666,300.01666666666665,0.016666666666666663,0.016666666666666666,0.016666666666666663,0.16666666666666666,0.08333333333333333
132,BitFenix,火鳥 幽靈 Spectre A.RGB(5V) 風扇,298.8166666666666,298.51666666666665,0.016666666666666666,0.016666666666666666,0.016666666666666663,0.16666666666666666,0.08333333333333333
133,聯力,Edge USB HUB 黑(EG-HUB01B) USB*4+風扇PWM*6,298.8166666666666,298.51666666666665,0.016666666666666666,0.016666666666666663,0.016666666666666666,0.16666666666666666,0.08333333333333333
134,聯力,Edge USB HUB 白(EG-HUB01W) USB*4+風扇PWM*6,298.8166666666666,298.51666666666665,0.016666666666666663,0.016666666666666666,0.016666666666666666,0.16666666666666666,0.08333333333333333
135,Apexgaming,A-Cool 魔眼 12,298.8166666666666,298.51666666666665,0.016666666666666666,0.016666666666666666,0.016666666666666663,0.16666666666666666,0.08333333333333333
136,酷碼,Mobius 120 Slim 風扇,298.8166666666666,298.51666666666665,0.016666666666666666,0.016666666666666666,0.016666666666666666,0.16666666666666666,0.08333333333333333
137,NZXT,F140,298.8166666666666,298.51666666666665,0.016666666666666663,0.016666666666666666,0.016666666666666663,0.16666666666666666,0.08333333333333333
138,利民,TL-C12 PRO-G 12cm風扇(灰黑),292.19166666666666,291.85,0.016666666666666666,0.016666666666666663,0.016666666666666666,0.16666666666666666,0.125
139,利民,TL-C12 PRO-W 12cm風扇(全白),292.19166666666666,291.85,0.016666666666666663,0.016666666666666666,0.016666666666666666,0.16666666666666666,0.125
140,MONTECH,AX140 PWM 白,287.19166666666666,286.85,0.016666666666666663,0.016666666666666666,0.016666666666666663,0.16666666666666666,0.125
141,MONTECH,RX140 PWM 白,287.19166666666666,286.85,0.016666666666666663,0.016666666666666666,0.016666666666666663,0.16666666666666666,0.125
142,MONTECH,AIR FAN P120,283.69166666666666,283.35,0.016666666666666666,0.016666666666666666,0.016666666666666666,0.16666666666666666,0.125
143,酷碼,Mobius 120 Black 風扇,283.65,283.35,0.016666666666666666,0.016666666666666663,0.016666666666666666,0.16666666666666666,0.08333333333333333
144,MONTECH,AX140 PWM 黑,282.19166666666666,281.85,0.016666666666666666,0.016666666666666663,0.016666666666666663,0.16666666666666666,0.125
145,MONTECH,RX140 PWM 黑,282.19166666666666,281.85,0.016666666666666666,0.016666666666666663,0.016666666666666663,0.16666666666666666,0.125
146,Sharkoon,SilentStorm 暴風扇 ,282.15,281.85,0.016666666666666666,0.016666666666666666,0.016666666666666663,0.16666666666666666,0.08333333333333333
147,利民,TY-143 SQ 14cm風扇,267.15,266.85,0.016666666666666666,0.016666666666666666,0.016666666666666666,0.16666666666666666,0.08333333333333333
148,酷碼,SickleFlow Edge 120 ARGB 白 風扇,266.9833333333333,266.68333333333334,0.016666666666666663,0.016666666666666666,0.016666666666666663,0.16666666666666666,0.08333333333333333
149,Scythe,Kaze Flex II 120 Slim 皓風丸 1800S 白色,265.4833333333333,265.18333333333334,0.016666666666666663,0.016666666666666666,0.016666666666666666,0.16666666666666666,0.08333333333333333
150,Scythe,Kaze Flex 120 彩風丸 1800 RGB,265.4833333333333,265.18333333333334,0.016666666666666666,0.016666666666666666,0.016666666666666663,0.16666666666666666,0.08333333333333333
151,Sharkoon,Shark Disc 飛碟扇 ,265.4833333333333,265.18333333333334,0.016666666666666666,0.016666666666666666,0.016666666666666663,0.16666666666666666,0.08333333333333333
152,海盜船,iCUE SP140 RGB ELITE(白) PWM,265.4833333333333,265.18333333333334,0.016666666666666663,0.016666666666666666,0.016666666666666663,0.16666666666666666,0.08333333333333333
153,酷碼,ARGB and PWM HUB 1分6,263.8166666666666,263.51666666666665,0.016666666666666666,0.016666666666666666,0.016666666666666663,0.16666666666666666,0.08333333333333333
154,利民,TY-147 ASQ 14cm風扇,258.8166666666666,258.51666666666665,0.016666666666666666,0.016666666666666666,0.016666666666666666,0.16666666666666666,0.08333333333333333
155,利民,TY-143 14cm風扇,257.9833333333333,257.68333333333334,0.016666666666666666,0.016666666666666666,0.016666666666666666,0.16666666666666666,0.08333333333333333
156,MONTECH,AX120 PWM 白,255.52500000000003,255.18333333333334,0.016666666666666663,0.016666666666666666,0.016666666666666663,0.16666666666666666,0.125
157,MONTECH,RX120 PWM 白,255.52500000000003,255.18333333333334,0.016666666666666663,0.016666666666666666,0.016666666666666663,0.16666666666666666,0.125
158,MONTECH,E28 ARGB 黑 12cm 風扇,255.48333333333338,255.18333333333334,0.016666666666666666,0.016666666666666663,0.016666666666666663,0.16666666666666666,0.08333333333333333
159,MONTECH,E28 ARGB 白 12cm 風扇,255.48333333333338,255.18333333333334,0.016666666666666663,0.016666666666666666,0.016666666666666663,0.16666666666666666,0.08333333333333333
160,喬思伯,FR-606 黑 12cm 風扇,255.35833333333338,255.01666666666668,0.016666666666666666,0.016666666666666663,0.016666666666666663,0.16666666666666666,0.125
161,喬思伯,FR-606 白 12cm 風扇,255.35833333333338,255.01666666666668,0.016666666666666663,0.016666666666666666,0.016666666666666663,0.16666666666666666,0.125
162,喬思伯,FR-606 黑 12cm 反向扇,255.35833333333338,255.01666666666668,0.016666666666666666,0.016666666666666663,0.016666666666666663,0.16666666666666666,0.125
163,喬思伯,FR-606 白 12cm 反向扇,255.35833333333338,255.01666666666668,0.016666666666666663,0.016666666666666666,0.016666666666666663,0.16666666666666666,0.125
164,銀欣,SST-PP10,253.81666666666672,253.51666666666668,0.016666666666666666,0.016666666666666666,0.016666666666666666,0.16666666666666666,0.08333333333333333
165,銀欣,24pin to MB-24,253.81666666666672,253.51666666666668,0.016666666666666663,0.016666666666666666,0.016666666666666666,0.16666666666666666,0.08333333333333333
166,MONTECH,METAL 120 PWM 12cm 風扇,250.35833333333338,250.01666666666668,0.016666666666666666,0.016666666666666666,0.016666666666666666,0.16666666666666666,0.125
167,MONTECH,AX120 PWM 黑,250.35833333333338,250.01666666666668,0.016666666666666666,0.016666666666666663,0.016666666666666663,0.16666666666666666,0.125
168,MONTECH,RX120 PWM 黑,250.35833333333338,250.01666666666668,0.016666666666666666,0.016666666666666663,0.016666666666666663,0.16666666666666666,0.125
169,darkFlash,S101 12cm 白,250.35833333333338,250.01666666666668,0.016666666666666663,0.016666666666666666,0.016666666666666663,0.16666666666666666,0.125
170,darkFlash,DM12PRO 黑,250.35833333333338,250.01666666666668,0.016666666666666666,0.016666666666666663,0.016666666666666663,0.16666666666666666,0.125
171,darkFlash,DM12PRO 白,250.35833333333338,250.01666666666668,0.016666666666666663,0.016666666666666666,0.016666666666666663,0.16666666666666666,0.125
172,喬思伯,FR-505 黑 12cm 風扇,250.35833333333338,250.01666666666668,0.016666666666666666,0.016666666666666663,0.016666666666666663,0.16666666666666666,0.125
173,喬思伯,FR-505 白 12cm 風扇,250.35833333333338,250.01666666666668,0.016666666666666663,0.016666666666666666,0.016666666666666663,0.16666666666666666,0.125
174,喬思伯,FR-505 黑 12cm 反向扇,250.35833333333338,250.01666666666668,0.016666666666666666,0.016666666666666663,0.016666666666666663,0.16666666666666666,0.125
175,喬思伯,FR-505 白 12cm 反向扇,250.35833333333338,250.01666666666668,0.016666666666666663,0.016666666666666666,0.016666666666666663,0.16666666666666666,0.125
176,darkFlash,DM12R PRO 黑,250.31666666666672,250.01666666666668,0.016666666666666666,0.016666666666666663,0.016666666666666663,0.16666666666666666,0.08333333333333333
177,darkFlash,DM12R PRO 白,250.31666666666672,250.01666666666668,0.016666666666666663,0.016666666666666666,0.016666666666666663,0.16666666666666666,0.08333333333333333
178,Scythe,Kaze Flex II 120 皓風丸 2000 白色,248.81666666666672,248.51666666666668,0.016666666666666663,0.016666666666666666,0.016666666666666666,0.16666666666666666,0.08333333333333333
179,Scythe,Wonder Snail 120 雪風丸 2400 白色,248.81666666666672,248.51666666666668,0.016666666666666663,0.016666666666666666,0.016666666666666666,0.16666666666666666,0.08333333333333333
180,Scythe,Wonder Tornado 120 狂風丸 2000,248.81666666666672,248.51666666666668,0.016666666666666666,0.016666666666666666,0.016666666666666666,0.16666666666666666,0.08333333333333333
181,darkFlash,S101 12cm 黑,247.02500000000003,246.68333333333334,0.016666666666666666,0.016666666666666663,0.016666666666666663,0.16666666666666666,0.125
182,銀欣,8pin to EPS12,237.15000000000006,236.85000000000002,0.016666666666666663,0.016666666666666666,0.016666666666666666,0.16666666666666666,0.08333333333333333
183,銀欣,8pin to PCI-E 8pin 25,237.15000000000006,236.85000000000002,0.016666666666666663,0.016666666666666666,0.016666666666666666,0.16666666666666666,0.08333333333333333
184,銀欣,6pin to PCI-E 6pin 25,233.81666666666672,233.51666666666668,0.016666666666666666,0.016666666666666666,0.016666666666666666,0.16666666666666666,0.08333333333333333
185,喬思伯,SL-120 白 12cm 風扇,233.69166666666672,233.35000000000002,0.016666666666666663,0.016666666666666666,0.016666666666666663,0.16666666666666666,0.125
186,喬思伯,SL-120 黑 12cm 反向扇,233.69166666666672,233.35000000000002,0.016666666666666666,0.016666666666666663,0.016666666666666663,0.16666666666666666,0.125
187,喬思伯,SL-120 白 12cm 反向扇,233.69166666666672,233.35000000000002,0.016666666666666663,0.016666666666666666,0.016666666666666663,0.16666666666666666,0.125
188,銀欣,SST-PP08 SFX(SFX-L) 轉 ATX 標準電源供應器,233.65000000000006,233.35000000000002,0.016666666666666666,0.016666666666666666,0.016666666666666666,0.16666666666666666,0.08333333333333333
189,Apexgaming,A-Cool 12,226.98333333333338,226.68333333333334,0.016666666666666666,0.016666666666666666,0.016666666666666663,0.16666666666666666,0.08333333333333333
190,酷碼,12cm 長效Rifle風扇/180,225.48333333333338,225.18333333333334,0.016666666666666666,0.016666666666666666,0.016666666666666666,0.16666666666666666,0.08333333333333333
191,darkFlash,GAUSS 磁軌扇,225.31666666666672,225.01666666666668,0.016666666666666666,0.016666666666666666,0.016666666666666663,0.16666666666666666,0.08333333333333333
192,NZXT,C1500(1500W) ATX3.1,215.31666666666675,215.0166666666667,0.016666666666666663,0.016666666666666666,0.016666666666666666,0.16666666666666666,0.08333333333333333
193,酷碼,8 cm 長效Rifle風扇/200,215.31666666666672,215.01666666666668,0.016666666666666666,0.016666666666666666,0.016666666666666666,0.16666666666666666,0.08333333333333333
