排名,BRAND,MODEL,Detail,總分,Price_分數,Power Phase_分數,Form_Factor_分數,LAN_Speed_分數,Chipset_Level_分數,Memory_Upgrade_分數,VRM_Quality_分數,Expansion_Capability_分數
1,華擎,H610M-H2 M.2,(M-ATX/LAN 1Gb/註四年/2DIMM)6+1+1 相電源,-762.6628571,-764,0.822857143,0.114285714,0.114285714,0.114285714,0.057142857,0.057142857,0.057142857
2,華碩,Pro WS W790E-SAGE SE,(M-ATX/1H/LAN 1Gb/註四年/2DIMM) 5相-裝機價,-763.0742857,-764,0.411428571,0.114285714,0.114285714,0.114285714,0.057142857,0.057142857,0.057142857
3,微星,PRO H610M-S DDR4,(M-ATX/LAN 1Gb/註四年/2DIMM)6+1+1 相電源,-782.6628571,-784,0.822857143,0.114285714,0.114285714,0.114285714,0.057142857,0.057142857,0.057142857
4,微星,A520M-A PRO,(M-ATX/LAN 1Gb/註冊四年/2DIMM)6+1+1相供電,-783.0742857,-784,0.411428571,0.114285714,0.114285714,0.114285714,0.057142857,0.057142857,0.057142857
5,技嘉,A520M K V2,(M-ATX/LAN 2.5Gb/註冊四年/2DIMM)6+1相供電,-802.6628571,-804,0.822857143,0.114285714,0.114285714,0.114285714,0.057142857,0.057142857,0.057142857
6,技嘉,H81M-DS2,(M-ATX/LAN 1Gb/註冊四年/4DIMM)8相供電,-803.0742857,-804,0.411428571,0.114285714,0.114285714,0.114285714,0.057142857,0.057142857,0.057142857
7,華碩,PRIME H610M-F D4 R2.0-CSM,(M-ATX/LAN 2.5Gb/註冊四年)14相電源,-822.6628571,-824,0.822857143,0.114285714,0.114285714,0.114285714,0.057142857,0.057142857,0.057142857
8,微星,PRO H610M-E,(M-ATX/LAN 2.5Gb/註四年/2DIMM)8相供電,-862.6628571,-864,0.822857143,0.114285714,0.114285714,0.114285714,0.057142857,0.057142857,0.057142857
9,微星,PRO H610M-E DDR4,(M-ATX/LAN 2.5Gb+無線/註四年/2DIMM)6+1+1相,-862.6628571,-864,0.822857143,0.114285714,0.114285714,0.114285714,0.057142857,0.057142857,0.057142857
10,華碩,PRIME H610M-K D4-CSM,(M-ATX/LAN 2.5Gb+無線/註五年)12+1+1相,-862.6628571,-864,0.822857143,0.114285714,0.114285714,0.114285714,0.057142857,0.057142857,0.057142857
11,華擎,B760M-HDV M.2 D4,(ATX/LAN 2.5Gb/註冊四年)12+1+1相供電,-882.6628571,-884,0.822857143,0.114285714,0.114285714,0.114285714,0.057142857,0.057142857,0.057142857
12,華擎,B760M-HDV M.2,(ATX/LAN 2.5Gb+無線)12+1+1相,-882.6628571,-884,0.822857143,0.114285714,0.114285714,0.114285714,0.057142857,0.057142857,0.057142857
13,華碩,PRIME H610M-K-CSM,(ATX/LAN 2.5Gb+無線/註五年)12+1+1相,-883.0742857,-884,0.411428571,0.114285714,0.114285714,0.114285714,0.057142857,0.057142857,0.057142857
14,華碩,H81M-K,(M-ATX/LAN 1Gb/註冊四年/2DIMM)6+1+1相供電,-903.0742857,-904,0.411428571,0.114285714,0.114285714,0.114285714,0.057142857,0.057142857,0.057142857
15,技嘉,H110M-S2PH,(M-ATX/LAN 2.5Gb/註冊四年/2DIMM)6+1相供電,-903.0742857,-904,0.411428571,0.114285714,0.114285714,0.114285714,0.057142857,0.057142857,0.057142857
16,微星,PRO B760M-E DDR4,(M-ATX/LAN 1Gb/註冊四年/4DIMM))8相供電,-922.6628571,-924,0.822857143,0.114285714,0.114285714,0.114285714,0.057142857,0.057142857,0.057142857
17,微星,PRO B760M-E,(M-ATX/LAN 2.5Gb/註四年/2DIMM)8相供電,-922.6628571,-924,0.822857143,0.114285714,0.114285714,0.114285714,0.057142857,0.057142857,0.057142857
18,微星,PRO B650M-B,(M-ATX/LAN 2.5Gb+無線/註四年/2DIMM)6+1+1相,-922.6628571,-924,0.822857143,0.114285714,0.114285714,0.114285714,0.057142857,0.057142857,0.057142857
19,華擎,A620AM-HVS,(M-ATX/LAN 2.5Gb+無線/註五年/2DIMM)6+1相,-922.6628571,-924,0.822857143,0.114285714,0.114285714,0.114285714,0.057142857,0.057142857,0.057142857
20,華碩,PRIME H610M-E D4-CSM,(M-ATX/LAN 2.5Gb+無線/註五年)12+1+1相,-922.6628571,-924,0.822857143,0.114285714,0.114285714,0.114285714,0.057142857,0.057142857,0.057142857
21,技嘉,B650M H,(M-ATX/LAN 2.5Gb+無線/註五年)12+1+1相,-922.6628571,-924,0.822857143,0.114285714,0.114285714,0.114285714,0.057142857,0.057142857,0.057142857
22,華碩,PRIME B760M-F D4-CSM,(ATX/LAN 2.5Gb+無線/註五年)12+1+1相,-942.6628571,-944,0.822857143,0.114285714,0.114285714,0.114285714,0.057142857,0.057142857,0.057142857
23,華碩,PRIME B760M-F-CSM,(ATX/Intel 2.5Gb+無線/註冊四年)14+1+1相電源,-942.6628571,-944,0.822857143,0.114285714,0.114285714,0.114285714,0.057142857,0.057142857,0.057142857
24,技嘉,H610M H V2 DDR4,(ATX/Intel 2.5Gb+Wi-Fi 7/註五年)19+1+1相,-942.6628571,-944,0.822857143,0.114285714,0.114285714,0.114285714,0.057142857,0.057142857,0.057142857
25,技嘉,B760M H DDR4,(M-ATX/LAN 5G/註四年)6+1+1+1相,-942.6628571,-944,0.822857143,0.114285714,0.114285714,0.114285714,0.057142857,0.057142857,0.057142857
26,微星,PRO B760M-B DDR4,(M-ATX/LAN 5G+Wi-Fi 7/註四年)12+1+1+1相,-962.6628571,-964,0.822857143,0.114285714,0.114285714,0.114285714,0.057142857,0.057142857,0.057142857
27,微星,B760M BOMBER DDR4,(M-ATX/Intel 5G+Wi-Fi 7/註五年)8+1+1+1相,-962.6628571,-964,0.822857143,0.114285714,0.114285714,0.114285714,0.057142857,0.057142857,0.057142857
28,微星,PRO B760M-B,(M-ATX/Intel 5G+Wi-Fi 7/註五年)12+1+1+1相,-962.6628571,-964,0.822857143,0.114285714,0.114285714,0.114285714,0.057142857,0.057142857,0.057142857
29,微星,B760M BOMBER,(M-ATX/Intel 5G+Wi-Fi 7/註五年)12+1+1+1相,-962.6628571,-964,0.822857143,0.114285714,0.114285714,0.114285714,0.057142857,0.057142857,0.057142857
30,微星,B550M PRO-VDH,(ATX/LAN 5G/註冊四年保)12+1+1+1相電源設計,-962.6628571,-964,0.822857143,0.114285714,0.114285714,0.114285714,0.057142857,0.057142857,0.057142857
31,華碩,PRIME B550M-K/CSM,(ATX/LAN 5G/註冊四年保)12+1+1+1相電源設計,-962.6628571,-964,0.822857143,0.114285714,0.114285714,0.114285714,0.057142857,0.057142857,0.057142857
32,技嘉,H610M S2H V2 DDR4,(ATX/Intel 5G+Wi-Fi 7/註五年)12+1+1+1相,-962.6628571,-964,0.822857143,0.114285714,0.114285714,0.114285714,0.057142857,0.057142857,0.057142857
33,華碩,PRIME H310M-K,(ATX/Intel 5G+Wi-Fi 7/註五年)12+1+1+1相,-963.0742857,-964,0.411428571,0.114285714,0.114285714,0.114285714,0.057142857,0.057142857,0.057142857
34,微星,PRO B760M-P DDR4,(Mini-ITX/Killer 5Gb+Wi-Fi 7/註冊五年)10+1+1+1相電源,-1002.662857,-1004,0.822857143,0.114285714,0.114285714,0.114285714,0.057142857,0.057142857,0.057142857
35,華擎,B650M-H M.2+ WiFi,(ATX/LAN 2.5Gb+Wi-Fi 7/註冊四年)12+1+1+1相,-1002.662857,-1004,0.822857143,0.114285714,0.114285714,0.114285714,0.057142857,0.057142857,0.057142857
36,華擎,B840M-HVS,(ATX/LAN 2.5Gb+Wi-Fi 7/雪白版)12+1+1+1相,-1002.662857,-1004,0.822857143,0.114285714,0.114285714,0.114285714,0.057142857,0.057142857,0.057142857
37,華碩,PRIME B760M-K D4-CSM,(ATX/LAN 5Gb+Wi-Fi 7/註冊四年)14+1+1+1相電源,-1002.662857,-1004,0.822857143,0.114285714,0.114285714,0.114285714,0.057142857,0.057142857,0.057142857
38,華碩,PRIME B760M-K-CSM,(ATX/LAN 5Gb+Wi-Fi 7/註冊四年)16+1+1+1相電源,-1002.662857,-1004,0.822857143,0.114285714,0.114285714,0.114285714,0.057142857,0.057142857,0.057142857
39,華碩,PRIME B650M-F-CSM,(ATX/Killer 5Gb+Wi-Fi 7/註冊五年)14+1+1+1相電源,-1002.662857,-1004,0.822857143,0.114285714,0.114285714,0.114285714,0.057142857,0.057142857,0.057142857
40,技嘉,B550M GAMING X WIFI6,(ATX/Killer 5Gb+Wi-Fi 7)16+1+1+1相,-1002.72,-1004,0.822857143,0.114285714,0.114285714,0.057142857,0.057142857,0.057142857,0.057142857
41,技嘉,B550M AORUS ELITE,(ATX/Killer 5Gb+Wi-Fi 7/註冊五年)16+1+1+1相電源,-1002.731429,-1004,0.754285714,0.114285714,0.114285714,0.114285714,0.057142857,0.057142857,0.057142857
42,華擎,B860M-H2,(ATX/Killer5Gb+Intel2.5Gb+Wi-Fi 7/註五年)20+1+1+1相,-1003.074286,-1004,0.411428571,0.114285714,0.114285714,0.114285714,0.057142857,0.057142857,0.057142857
43,微星,PRO B650M-P,(ATX/Killer5Gb+Wi-Fi 7/註五年)20+2+1+1相,-1022.662857,-1024,0.822857143,0.114285714,0.114285714,0.114285714,0.057142857,0.057142857,0.057142857
44,微星,PRO B760M-P,(ATX/Marvell 10Gb+Wi-Fi 7/註五年)24+2+1+1相,-1023.074286,-1024,0.411428571,0.114285714,0.114285714,0.114285714,0.057142857,0.057142857,0.057142857
45,華碩,PRIME H610M-E-CSM,(E-ATX/Marvell 10Gb+Killer 5Gb+Wi-Fi 7/註冊五年),-1023.074286,-1024,0.411428571,0.114285714,0.114285714,0.114285714,0.057142857,0.057142857,0.057142857
46,微星,B760M BOMBER WIFI DDR4,(M-ATX/1D1H/LAN 1Gb/註四年/2DIMM),-1042.662857,-1044,0.822857143,0.114285714,0.114285714,0.114285714,0.057142857,0.057142857,0.057142857
47,微星,B760M BOMBER WIFI,(M-ATX/1A1H1P/Realtek LAN+ac/註四年)4+2+1相供電,-1042.662857,-1044,0.822857143,0.114285714,0.114285714,0.114285714,0.057142857,0.057142857,0.057142857
48,微星,B550M PRO-VDH WIFI,(M-ATX/1A1H1P/Realtek LAN/註四年)4+2+1相供電,-1042.662857,-1044,0.822857143,0.114285714,0.114285714,0.114285714,0.057142857,0.057142857,0.057142857
49,華碩,PRIME B760M-A D4-CSM,(Mini-ITX/LAN 2.5G+無線/註五年)8+2+1相,-1042.662857,-1044,0.822857143,0.114285714,0.114285714,0.114285714,0.057142857,0.057142857,0.057142857
50,技嘉,B760M DS3H,(M-ATX/LAN 2.5G/註四年)6+2+1相電源,-1042.662857,-1044,0.822857143,0.114285714,0.114285714,0.114285714,0.057142857,0.057142857,0.057142857
51,技嘉,B860M GAMING WIFI6,(M-ATX/LAN 2.5G/註四年)6+2+1相電源,-1042.662857,-1044,0.822857143,0.114285714,0.114285714,0.114285714,0.057142857,0.057142857,0.057142857
52,華擎,H610M-ITX eDP,(M-ATX/R2.5G+無線/2DIMM)6+2+1相,-1042.72,-1044,0.822857143,0.114285714,0.114285714,0.057142857,0.057142857,0.057142857,0.057142857
53,華碩,B760M-AYW WIFI D4 阿唷喂,(M-ATX/LAN 2.5G+無線/註五年)10+2+1相,-1062.662857,-1064,0.822857143,0.114285714,0.114285714,0.114285714,0.057142857,0.057142857,0.057142857
54,華碩,B760M-AYW WIFI 阿唷喂,(M-ATX/LAN 2.5G+無線/註四年)8+1+1相電源,-1062.662857,-1064,0.822857143,0.114285714,0.114285714,0.114285714,0.057142857,0.057142857,0.057142857
55,華碩,PRIME B760M-A-CSM,(M-ATX/LAN2.5G+無線/註五年)12+2+1相,-1062.662857,-1064,0.822857143,0.114285714,0.114285714,0.114285714,0.057142857,0.057142857,0.057142857
56,華擎,B650M Pro RS,(M-ATX/LAN2.5G+無線/註五年)10+2+1相,-1082.662857,-1084,0.822857143,0.114285714,0.114285714,0.114285714,0.057142857,0.057142857,0.057142857
57,華碩,TUF GAMING B650M-E,(ATX/LAN2.5G+AMD 無線/註五年)12+2+1相,-1082.662857,-1084,0.822857143,0.114285714,0.114285714,0.114285714,0.057142857,0.057142857,0.057142857
58,華擎,A520M-ITX ac,(ATX/LAN2.5G+AMD 無線)14+2+1相,-1083.131429,-1084,0.411428571,0.114285714,0.114285714,0.057142857,0.057142857,0.057142857,0.057142857
59,華擎,B760M Steel Legend WiFi,(ATX/LAN2.5G+AMD 無線/註五年)14+2+1相,-1102.662857,-1104,0.822857143,0.114285714,0.114285714,0.114285714,0.057142857,0.057142857,0.057142857
60,華碩,PRIME H610I-PLUS D4-CSM,(ATX/LAN2.5G+Wi-Fi 7/註四年)7+2+1相供電,-1102.662857,-1104,0.822857143,0.114285714,0.114285714,0.114285714,0.057142857,0.057142857,0.057142857
61,華碩,PRIME B860M-K-CSM,(ATX/LAN2.5G+Wi-Fi 7/註五年)7+2+1相供電,-1102.662857,-1104,0.822857143,0.114285714,0.114285714,0.114285714,0.057142857,0.057142857,0.057142857
62,技嘉,B650M GAMING WIFI,(Mini-ITX/LAN 5G+Wi-Fi 7/註五年)8+2+1相,-1102.662857,-1104,0.822857143,0.114285714,0.114285714,0.114285714,0.057142857,0.057142857,0.057142857
63,微星,PRO B760M-A DDR4 II,(M-ATX/LAN 5G+Wi-Fi 7/註四年)7+2+1相,-1122.662857,-1124,0.822857143,0.114285714,0.114285714,0.114285714,0.057142857,0.057142857,0.057142857
64,華碩,B650M-AYW WIFI,(M-ATX/LAN 5G+Wi-Fi 7/註四年)8+2+1相,-1122.662857,-1124,0.822857143,0.114285714,0.114285714,0.114285714,0.057142857,0.057142857,0.057142857
65,華擎,B850M-X,(M-ATX/LAN 5G+Wi-Fi 7/註五年)8+2+1相,-1122.72,-1124,0.822857143,0.114285714,0.114285714,0.057142857,0.057142857,0.057142857,0.057142857
66,微星,PRO B760-P DDR4 II,(M-ATX/LAN 5G/註冊五年保)12+2+1相,-1142.662857,-1144,0.822857143,0.114285714,0.114285714,0.114285714,0.057142857,0.057142857,0.057142857
67,微星,B760M GAMING WIFI,(M-ATX/LAN 5G+Wi-Fi 7/註五年)12+2+1相,-1142.662857,-1144,0.822857143,0.114285714,0.114285714,0.114285714,0.057142857,0.057142857,0.057142857
68,微星,B650M GAMING WIFI,(ATX/LAN5G+Wi-Fi 7/註四年)12+2+1相,-1142.662857,-1144,0.822857143,0.114285714,0.114285714,0.114285714,0.057142857,0.057142857,0.057142857
69,華擎,B650M PG Lightning WiFi,(ATX/LAN5G+Wi-Fi 7/註五年)12+2+1相,-1142.662857,-1144,0.822857143,0.114285714,0.114285714,0.114285714,0.057142857,0.057142857,0.057142857
70,華碩,TUF GAMING B760M-E D4,(ATX/LAN5G+Wi-Fi 7/註五年/白)12+2+1相,-1142.662857,-1144,0.822857143,0.114285714,0.114285714,0.114285714,0.057142857,0.057142857,0.057142857
71,技嘉,B760M GAMING DDR4,(ATX/LAN5G+Wi-Fi 7)14+2+1相,-1142.662857,-1144,0.822857143,0.114285714,0.114285714,0.114285714,0.057142857,0.057142857,0.057142857
72,技嘉,B760M GAMING PLUS WIFI DDR4,(ATX/LAN5G+Wi-Fi 7/註五年/雪白版)14+2+1相,-1162.662857,-1164,0.822857143,0.114285714,0.114285714,0.114285714,0.057142857,0.057142857,0.057142857
73,華擎,B850M-X WIFI,(ATX/LAN 5G+Wi-Fi 7/註四年)14+2+1相,-1162.72,-1164,0.822857143,0.114285714,0.114285714,0.057142857,0.057142857,0.057142857,0.057142857
74,技嘉,B760M DS3H AX DDR4,(ATX/LAN 5G+Wi-Fi 7/註五年)14+2+1相,-1162.72,-1164,0.822857143,0.114285714,0.114285714,0.057142857,0.057142857,0.057142857,0.057142857
75,華擎,B760M PG LIGHTNING,(ATX/LAN 5G+Wi-Fi 7/註四年)14+2+1相,-1182.662857,-1184,0.822857143,0.114285714,0.114285714,0.114285714,0.057142857,0.057142857,0.057142857
76,華碩,PRIME B760M-A WIFI D4-CSM,(ATX/LAN 5G+Wi-Fi 7/註五年)14+2+1相,-1182.662857,-1184,0.822857143,0.114285714,0.114285714,0.114285714,0.057142857,0.057142857,0.057142857
77,微星,B860M GAMING WIFI,(ATX/LAN 5G+Wi-Fi 7/註五年)14+2+1相,-1202.662857,-1204,0.822857143,0.114285714,0.114285714,0.114285714,0.057142857,0.057142857,0.057142857
78,微星,PRO B650M-A WIFI,(ATX/LAN 5G+Wi-Fi 7/註五年)14+2+1相,-1202.662857,-1204,0.822857143,0.114285714,0.114285714,0.114285714,0.057142857,0.057142857,0.057142857
79,華擎,B850M Pro-A,(ATX/銀白/LAN 5G+Wi-Fi 7/註五年)14+2+1相,-1202.662857,-1204,0.822857143,0.114285714,0.114285714,0.114285714,0.057142857,0.057142857,0.057142857
80,華碩,PRIME B860M-A-CSM,(ATX/LAN 5G+2.5G+Wi-Fi 7/註五年)18+2+1相,-1202.662857,-1204,0.822857143,0.114285714,0.114285714,0.114285714,0.057142857,0.057142857,0.057142857
81,技嘉,B760M DS3H GEN5,(E-ATX/Marvell 10G+LAN 5G+Wi-Fi 7)24+2+1相,-1202.662857,-1204,0.822857143,0.114285714,0.114285714,0.114285714,0.057142857,0.057142857,0.057142857
82,華擎,B550M-ITX ac,(EEB/8*DDR5/2*Marvell 10G+Intel 2.5Gb+無線)20+2相供電,-1202.72,-1204,0.822857143,0.114285714,0.114285714,0.057142857,0.057142857,0.057142857,0.057142857
83,技嘉,B760M DS3H AX,(Mini-ITX/Intel 1Gb+WiFi ac+BT5.1/三年保)6相電源.支援eDP,-1202.72,-1204,0.822857143,0.114285714,0.114285714,0.057142857,0.057142857,0.057142857,0.057142857
84,技嘉,B650M GAMING X AX,(M-ATX/LAN 1Gb/四年保)3+1+1 相電源,-1202.72,-1204,0.822857143,0.114285714,0.114285714,0.057142857,0.057142857,0.057142857,0.057142857
85,華碩,B860M AYW GAMING WIFI,(M-ATX/LAN 1Gb/四年保)3+1+1 相電源,-1203.074286,-1204,0.411428571,0.114285714,0.114285714,0.114285714,0.057142857,0.057142857,0.057142857
86,微星,B760M GAMING PLUS WIFI DDR4,(Mini-ITX/LAN 1Gb+無線/註冊四年)5+1+1相,-1222.662857,-1224,0.822857143,0.114285714,0.114285714,0.114285714,0.057142857,0.057142857,0.057142857
87,微星,B760M GAMING PLUS WIFI,(M-ATX/LAN 1Gb/註冊四年)5+1+1相,-1222.662857,-1224,0.822857143,0.114285714,0.114285714,0.114285714,0.057142857,0.057142857,0.057142857
88,華碩,PRIME B760M-A WIFI-CSM,(M-ATX/LAN 2.5Gb/註冊四年)7+1+1相,-1222.662857,-1224,0.822857143,0.114285714,0.114285714,0.114285714,0.057142857,0.057142857,0.057142857
89,華碩,TUF GAMING B650M-E WIFI,(M-ATX/LAN 2.5Gb/註冊五年)7+1+1 相供電,-1222.662857,-1224,0.822857143,0.114285714,0.114285714,0.114285714,0.057142857,0.057142857,0.057142857
90,技嘉,B860M GAMING X WIFI6E,(M-ATX/LAN 2.5Gb+無線)12+1+1相.支援eDP,-1222.72,-1224,0.822857143,0.114285714,0.114285714,0.057142857,0.057142857,0.057142857,0.057142857
91,華擎,B850M Pro-A WiFi,(ATX/LAN 2.5Gb/註冊四年)10+1+1相.支援eDP,-1242.662857,-1244,0.822857143,0.114285714,0.114285714,0.114285714,0.057142857,0.057142857,0.057142857
92,華碩,TUF GAMING B650M-PLUS,(Mini-ITX/LAN2.5G+無線/註五年)8+1+1相供電,-1242.662857,-1244,0.822857143,0.114285714,0.114285714,0.114285714,0.057142857,0.057142857,0.057142857
93,華擎,B860M Pro-A WiFi,(Mini-ITX/LAN2.5G+無線/註五年)10+1+1相供電,-1243.074286,-1244,0.411428571,0.114285714,0.114285714,0.114285714,0.057142857,0.057142857,0.057142857
94,微星,B760 GAMING PLUS WIFI DDR4,(M-ATX LAN 1G/註四年/2DIMM)5+1+1+1+1 相供電,-1262.662857,-1264,0.822857143,0.114285714,0.114285714,0.114285714,0.057142857,0.057142857,0.057142857
95,微星,B760 GAMING PLUS WIFI,(M-ATX/LAN2.5G+無線/註五年/2DIMM)7+1+1+1+1 相供電,-1262.662857,-1264,0.822857143,0.114285714,0.114285714,0.114285714,0.057142857,0.057142857,0.057142857
96,微星,B650M GAMING PLUS WIFI,(M-ATX/LAN2.5G+無線/註四年)10+1+1+1+1 相供電,-1262.662857,-1264,0.822857143,0.114285714,0.114285714,0.114285714,0.057142857,0.057142857,0.057142857
97,技嘉,B850M DS3H ICE,(M-ATX/LAN2.5G+無線/註五年)10+1+1+1+1 相供電,-1262.662857,-1264,0.822857143,0.114285714,0.114285714,0.114285714,0.057142857,0.057142857,0.057142857
98,華碩,TUF GAMING B760M-PLUS WIFI D4,(M-ATX/LAN2.5G+無線/註五年)12+1+1+1相,-1282.662857,-1284,0.822857143,0.114285714,0.114285714,0.114285714,0.057142857,0.057142857,0.057142857
99,微星,PRO B860M-B,(ATX/LAN2.5G+無線/註四年)10+1+1+1+1 相供電,-1302.662857,-1304,0.822857143,0.114285714,0.114285714,0.114285714,0.057142857,0.057142857,0.057142857
100,微星,B650 GAMING PLUS WIFI,(ATX/LAN2.5G+無線/註五年)14+1+1+1相,-1302.662857,-1304,0.822857143,0.114285714,0.114285714,0.114285714,0.057142857,0.057142857,0.057142857
101,華擎,B760 Pro RS,(Mini-ITX/LAN 5Gb+Wi-Fi 7/註五年)12+1+1+1+1 相供電,-1302.662857,-1304,0.822857143,0.114285714,0.114285714,0.114285714,0.057142857,0.057142857,0.057142857
102,華碩,PRIME B860M-A WIFI-CSM,(M-ATX/Killer 2.5G+無線/註五年)16+1+1相,-1302.662857,-1304,0.822857143,0.114285714,0.114285714,0.114285714,0.057142857,0.057142857,0.057142857
103,華碩,TUF GAMING B860M-PLUS,(ATX/LAN 2.5Gb/註冊五年保)16+1+1相電源,-1302.662857,-1304,0.822857143,0.114285714,0.114285714,0.114285714,0.057142857,0.057142857,0.057142857
104,華碩,TUF GAMING B650-E WIFI,(ATX/LAN 2.5Gb+無線/註冊五年保)16+1+1相電源,-1302.662857,-1304,0.822857143,0.114285714,0.114285714,0.114285714,0.057142857,0.057142857,0.057142857
105,華碩,PRIME B850M-K-CSM,(ATX/LAN 2.5Gb+無線/註冊五年保)16+1+1相電源,-1302.662857,-1304,0.822857143,0.114285714,0.114285714,0.114285714,0.057142857,0.057142857,0.057142857
106,華擎,B760M-ITX D4 WiFi,(ATX/LAN 2.5Gb+無線/註五年/銀白版)16+1+1相電源,-1302.72,-1304,0.822857143,0.114285714,0.114285714,0.057142857,0.057142857,0.057142857,0.057142857
107,技嘉,B650 EAGLE AX,(ATX/LAN2.5Gb+Wi-Fi 7/註五年)18+1+1相電源,-1302.72,-1304,0.822857143,0.114285714,0.114285714,0.057142857,0.057142857,0.057142857,0.057142857
108,華擎,B860 Pro-A WiFi,(ATX/Killer 2.5G+Wi-Fi 7/註冊五年保)18+1+1相,-1303.074286,-1304,0.411428571,0.114285714,0.114285714,0.114285714,0.057142857,0.057142857,0.057142857
109,微星,PRO B840-P WIFI,(ATX/LAN 5Gb+Killer 2.5Gb+Wi-Fi 7)20+1+2相,-1322.662857,-1324,0.822857143,0.114285714,0.114285714,0.114285714,0.057142857,0.057142857,0.057142857
110,微星,PRO B850M-P WIFI,(ATX/LAN 5Gb+Dragon 2.5Gb+Wi-Fi 7)20+1+2相,-1322.662857,-1324,0.822857143,0.114285714,0.114285714,0.114285714,0.057142857,0.057142857,0.057142857
111,華擎,B850M Pro RS,(ATX/LAN 5Gb+Dragon 2.5Gb+Wi-Fi 7)20+1+2相,-1322.662857,-1324,0.822857143,0.114285714,0.114285714,0.114285714,0.057142857,0.057142857,0.057142857
112,華擎,B850M Pro RS WiFi,(mini-ITX/1H1P/LAN 1Gb/ac+BT/註四年)8數位電源,-1322.662857,-1324,0.822857143,0.114285714,0.114285714,0.114285714,0.057142857,0.057142857,0.057142857
113,華碩,TUF GAMING B760M-PLUS WIFI II,(ITX/1H1P/LAN 1Gb/ac+BT/註四年) 8相供電,-1342.662857,-1344,0.822857143,0.114285714,0.114285714,0.114285714,0.057142857,0.057142857,0.057142857
114,華碩,TUF GAMING B650M-PLUS WIFI,(M-ATX/LAN 1Gb/註四年/2DIMM)4+1+1 相供電,-1342.662857,-1344,0.822857143,0.114285714,0.114285714,0.114285714,0.057142857,0.057142857,0.057142857
115,微星,MAG B650M MORTAR WIFI,(mini-ITX/LAN 2.5G+無線/2DIMM)8+2+1 相供電,-1362.662857,-1364,0.822857143,0.114285714,0.114285714,0.114285714,0.057142857,0.057142857,0.057142857
116,華擎,A620I Lightning WIFI,(M-ATX/LAN 1G+無線/註四年/2DIMM)6+1+1相,-1362.662857,-1364,0.822857143,0.114285714,0.114285714,0.114285714,0.057142857,0.057142857,0.057142857
117,華碩,ROG CROSSHAIR X870E EXTREME,(M-ATX/LAN 2.5G/註冊四年保)8+2+1 相供電,-1362.72,-1364,0.822857143,0.114285714,0.114285714,0.057142857,0.057142857,0.057142857,0.057142857
118,微星,PRO B860-P,(M-ATX/LAN 2.5G+無線/註四年)6+2+1 相供電,-1382.662857,-1384,0.822857143,0.114285714,0.114285714,0.114285714,0.057142857,0.057142857,0.057142857
119,微星,B760 TOMAHAWK WIFI DDR4,(M-ATX/Dragon 2.5G+無線/註五年)12+2+1相電源,-1402.662857,-1404,0.822857143,0.114285714,0.114285714,0.114285714,0.057142857,0.057142857,0.057142857
120,微星,MPG B650I EDGE WIFI,(M-ATX/LAN 1Gb/註冊四年保/2DIMM)4+1+1相供電,-1402.662857,-1404,0.822857143,0.114285714,0.114285714,0.114285714,0.057142857,0.057142857,0.057142857
121,微星,B840 GAMING PLUS WIFI,(Mini-ITX/Killer2.5G+無線/註五年)10+1+1相,-1402.662857,-1404,0.822857143,0.114285714,0.114285714,0.114285714,0.057142857,0.057142857,0.057142857
122,華擎,B860I WiFi,(M-ATX/LAN2.5G/註五年/2DIMM)6+1+1相,-1402.662857,-1404,0.822857143,0.114285714,0.114285714,0.114285714,0.057142857,0.057142857,0.057142857
123,華擎,B850M Steel Legend WiFi,(M-ATX/LAN2.5G+無線/註五年/2DIMM)6+1+1相,-1402.662857,-1404,0.822857143,0.114285714,0.114285714,0.114285714,0.057142857,0.057142857,0.057142857
124,華碩,TUF GAMING B760-PLUS WIFI,(M-ATX/LAN2.5G/註四年)8+2+1 相供電,-1402.662857,-1404,0.822857143,0.114285714,0.114285714,0.114285714,0.057142857,0.057142857,0.057142857
125,華碩,TUF GAMING B650-PLUS WIFI,(M-ATX/LAN2.5G+無線/註四年)8+2+1 相供電,-1402.662857,-1404,0.822857143,0.114285714,0.114285714,0.114285714,0.057142857,0.057142857,0.057142857
126,華碩,B850M AYW GAMING WIFI,(M-ATX/LAN2.5G/註五年)8+2+1 相供電,-1402.662857,-1404,0.822857143,0.114285714,0.114285714,0.114285714,0.057142857,0.057142857,0.057142857
127,華碩,TUF GAMING B850M-PLUS,(M-ATX/LAN2.5G+無線/註五年)8+2+1 相供電,-1402.662857,-1404,0.822857143,0.114285714,0.114285714,0.114285714,0.057142857,0.057142857,0.057142857
128,微星,B650M PROJECT ZERO 背插,(M-ATX/LAN2.5G+Wi-Fi 7/註五年)12+2+1 相供電,-1402.72,-1404,0.822857143,0.114285714,0.114285714,0.057142857,0.057142857,0.057142857,0.057142857
129,技嘉,B760M GAMING X WIFI6E GEN5,(M-ATX/LAN2.5G+Wi-Fi 7/註五年)12+2+1 相供電,-1402.72,-1404,0.822857143,0.114285714,0.114285714,0.057142857,0.057142857,0.057142857,0.057142857
130,技嘉,B860 GAMING X WIFI6E,(ATX/LAN2.5G+Wi-Fi 7/註五年)12+2+1 相供電,-1402.72,-1404,0.822857143,0.114285714,0.114285714,0.057142857,0.057142857,0.057142857,0.057142857
131,華擎,B860M-X WiFi,(ATX/LAN2.5G+Wi-Fi 7/註五年/白)12+2+1 相供電,-1403.131429,-1404,0.411428571,0.114285714,0.114285714,0.057142857,0.057142857,0.057142857,0.057142857
132,微星,PRO B860M-A WIFI,(ATX/LAN2.5G/註五年)14+2+1相,-1422.662857,-1424,0.822857143,0.114285714,0.114285714,0.114285714,0.057142857,0.057142857,0.057142857
133,微星,PRO B850M-A WIFI,(ATX/LAN2.5G/註五年)14+2+1相,-1462.662857,-1464,0.822857143,0.114285714,0.114285714,0.114285714,0.057142857,0.057142857,0.057142857
134,華碩,TUF GAMING B860M-PLUS WIFI,(ATX/Dragon 2.5G/註五年)14+2+1相電源,-1462.662857,-1464,0.822857143,0.114285714,0.114285714,0.114285714,0.057142857,0.057142857,0.057142857
135,技嘉,B860M DS3H WIFI6E,(ATX/Dragon 2.5G+Wi-Fi 7/註五年)14+2+1相電源,-1462.662857,-1464,0.822857143,0.114285714,0.114285714,0.114285714,0.057142857,0.057142857,0.057142857
136,微星,PRO Z790-P WIFI,(ATX/Dragon 2.5G+Wi-Fi 7/註五年)14+2+1相,-1462.72,-1464,0.822857143,0.114285714,0.114285714,0.057142857,0.057142857,0.057142857,0.057142857
137,微星,PRO B860-P WIFI,(ATX/LAN 5G+Wi-Fi 7/註五年)20+2+1相,-1482.662857,-1484,0.822857143,0.114285714,0.114285714,0.114285714,0.057142857,0.057142857,0.057142857
138,微星,B850M GAMING PLUS WIFI,(EATX/LAN 5G+Wi-Fi 7/註五年)24+2+1相,-1502.662857,-1504,0.822857143,0.114285714,0.114285714,0.114285714,0.057142857,0.057142857,0.057142857
139,華擎,B860I Lightning WiFi,(E-ATX/Marvell 10Gb+LAN 2.5Gb+無線/註五年)18+3+3 電源相位,-1502.662857,-1504,0.822857143,0.114285714,0.114285714,0.114285714,0.057142857,0.057142857,0.057142857
140,華擎,B860M Steel Legend WiFi,(ATX/1A1H1P/雙Intel 2.5Gb/註四年) 穩定.可靠性高,-1502.662857,-1504,0.822857143,0.114285714,0.114285714,0.114285714,0.057142857,0.057142857,0.057142857
141,華擎,B650M PG Riptide WiFi White,(ATX/1A1H1P/雙Intel 2.5Gb/註四年)附華碩IPMI擴展卡,-1502.662857,-1504,0.822857143,0.114285714,0.114285714,0.114285714,0.057142857,0.057142857,0.057142857
142,華碩,TUF GAMING B850M-E WIFI,(ATX/M 10Gb+Intel 2.5Gb+LAN 1Gb)16+2+1+2相.BMC遠端管理,-1502.662857,-1504,0.822857143,0.114285714,0.114285714,0.114285714,0.057142857,0.057142857,0.057142857
143,華碩,ROG STRIX B760-I GAMING WIFI ,(ATX/雙Intel 2.5Gb+LAN 1Gb/註四年)8+1+2+2相.BMC遠端管理,-1502.72,-1504,0.822857143,0.114285714,0.114285714,0.057142857,0.057142857,0.057142857,0.057142857
144,華碩,PRIME Z790-P WIFI-CSM,(CEB/8*DDR5/Marvell 10Gb+Intel 2.5Gb/註四年)IPMI遠程管理,-1502.72,-1504,0.822857143,0.114285714,0.114285714,0.057142857,0.057142857,0.057142857,0.057142857
145,華碩,ROG STRIX B650-A GAMING WIFI,(EEB/8*DDR5/2*Intel 10G+LAN 1Gb)14+1+1功率級,-1502.72,-1504,0.822857143,0.114285714,0.114285714,0.057142857,0.057142857,0.057142857,0.057142857
146,技嘉,B760M AORUS ELITE AX,(DDR5)(M-ATX/LAN 1Gb/註冊四年/2DIMM),-1502.72,-1504,0.822857143,0.114285714,0.114285714,0.057142857,0.057142857,0.057142857,0.057142857
147,技嘉,B650M AORUS ELITE AX ICE,(DDR5)(M-ATX/LAN 1Gb/註冊四年/2DIMM),-1502.72,-1504,0.822857143,0.114285714,0.114285714,0.057142857,0.057142857,0.057142857,0.057142857
148,技嘉,B650 AORUS ELITE AX V2,(DDR5)(M-ATX/LAN 1Gb/註冊四年/2DIMM),-1502.72,-1504,0.822857143,0.114285714,0.114285714,0.057142857,0.057142857,0.057142857,0.057142857
149,華碩,B850 MAX GAMING WIFI W,(M-ATX/LAN 1Gb/註冊四年/2DIMM)5相,-1502.788571,-1504,0.754285714,0.114285714,0.114285714,0.057142857,0.057142857,0.057142857,0.057142857
150,華碩,TUF GAMING B860-PLUS WIFI,(M-ATX/1A1H/LAN 1Gb/註冊四年/2DIMM)6+1+1相,-1522.662857,-1524,0.822857143,0.114285714,0.114285714,0.114285714,0.057142857,0.057142857,0.057142857
151,華碩,Z790-AYW WIFI W II 阿唷喂,(M-ATX/1A1H/R 1Gb/2DIMM)6+1+1相,-1522.902857,-1524,0.64,0.114285714,0.114285714,0.057142857,0.057142857,0.057142857,0.057142857
152,微星,B760M EDGE TI WIFI,(M-ATX/1H1P/LAN 1Gb/註冊四年/2DIMM)6+1+1相,-1526.662857,-1528,0.822857143,0.114285714,0.114285714,0.114285714,0.057142857,0.057142857,0.057142857
153,微星,B860M GAMING PLUS WIFI,(Mini-ITX/1A1H1P/LAN 1Gb/2DIMM)5+1+1相,-1526.662857,-1528,0.822857143,0.114285714,0.114285714,0.114285714,0.057142857,0.057142857,0.057142857
154,微星,MAG B860M MORTAR WIFI,(M-ATX/LAN 2.5Gb+無線/2DIMM)8相,-1526.662857,-1528,0.822857143,0.114285714,0.114285714,0.114285714,0.057142857,0.057142857,0.057142857
155,微星,B860 GAMING PLUS WIFI,(M-ATX/LAN 1Gb/註四年/2DIMM)8相,-1526.662857,-1528,0.822857143,0.114285714,0.114285714,0.114285714,0.057142857,0.057142857,0.057142857
156,微星,MAG B860 TOMAHAWK WIFI,(M-ATX/LAN 2.5Gb/註四年/2DIMM)8相,-1526.662857,-1528,0.822857143,0.114285714,0.114285714,0.114285714,0.057142857,0.057142857,0.057142857
157,微星,MAG B650 TOMAHAWK WIFI,(M-ATX/LAN 2.5Gb/註冊四年)8相供電,-1526.662857,-1528,0.822857143,0.114285714,0.114285714,0.114285714,0.057142857,0.057142857,0.057142857
158,微星,MPG B650 EDGE WIFI,(M-ATX/LAN 2.5Gb+無線/註冊四年)10相,-1526.662857,-1528,0.822857143,0.114285714,0.114285714,0.114285714,0.057142857,0.057142857,0.057142857
159,微星,MPG B850I EDGE TI WIFI,(M-ATX/LAN 2.5Gb+無線/註冊四年)10相,-1526.662857,-1528,0.822857143,0.114285714,0.114285714,0.114285714,0.057142857,0.057142857,0.057142857
160,微星,MAG B850M MORTAR,(M-ATX/LAN2.5Gb/註五年)10+1相電源,-1526.662857,-1528,0.822857143,0.114285714,0.114285714,0.114285714,0.057142857,0.057142857,0.057142857
161,微星,MAG B850M MORTAR WIFI,(M-ATX/LAN 2.5Gb+無線/註五年)12+1相,-1526.662857,-1528,0.822857143,0.114285714,0.114285714,0.114285714,0.057142857,0.057142857,0.057142857
162,微星,PRO B850-P WIFI,(M-ATX/LAN 2.5Gb+無線/2DIMM)8相,-1526.662857,-1528,0.822857143,0.114285714,0.114285714,0.114285714,0.057142857,0.057142857,0.057142857
163,微星,B850 GAMING PLUS WIFI,(M-ATX/LAN 1Gb/註四年/2DIMM)8相,-1526.662857,-1528,0.822857143,0.114285714,0.114285714,0.114285714,0.057142857,0.057142857,0.057142857
164,微星,MPG B850 EDGE TI WIFI,(M-ATX/LAN 1Gb/註四年/2DIMM)8相,-1526.662857,-1528,0.822857143,0.114285714,0.114285714,0.114285714,0.057142857,0.057142857,0.057142857
165,華擎,W790 WS,(M-ATX/LAN 2.5Gb/註四年/2DIMM)8相,-1526.662857,-1528,0.822857143,0.114285714,0.114285714,0.114285714,0.057142857,0.057142857,0.057142857
166,華擎,B860 Steel Legend WiFi,(M-ATX/LAN 2.5Gb/註冊四年)8相供電,-1526.662857,-1528,0.822857143,0.114285714,0.114285714,0.114285714,0.057142857,0.057142857,0.057142857
167,華擎,B850I LIGHTNING WIFI,(M-ATX/LAN 2.5Gb+無線/註四年)10相,-1526.662857,-1528,0.822857143,0.114285714,0.114285714,0.114285714,0.057142857,0.057142857,0.057142857
168,華擎,B850M Riptide WiFi,(M-ATX/LAN 2.5Gb+無線/註四年)10相,-1526.662857,-1528,0.822857143,0.114285714,0.114285714,0.114285714,0.057142857,0.057142857,0.057142857
169,華擎,B850 Challenger WiFi,(M-ATX/LAN 2.5Gb+無線/註五年)12+1相,-1526.662857,-1528,0.822857143,0.114285714,0.114285714,0.114285714,0.057142857,0.057142857,0.057142857
170,華擎,B850 Challenger WiFi White,(M-ATX/LAN 2.5Gb+無線)12+1相,-1526.662857,-1528,0.822857143,0.114285714,0.114285714,0.114285714,0.057142857,0.057142857,0.057142857
171,華擎,B850 PRO-A,(ATX/LAN 2.5Gb+無線)12+1相,-1526.662857,-1528,0.822857143,0.114285714,0.114285714,0.114285714,0.057142857,0.057142857,0.057142857
172,華擎,B850 Pro RS,(ATX/LAN 2.5Gb+無線)12+1相,-1526.662857,-1528,0.822857143,0.114285714,0.114285714,0.114285714,0.057142857,0.057142857,0.057142857
173,華碩,PRO WS W880-ACE SE,(ATX/LAN 2.5Gb+Intel 1Gb+無線)12+1相,-1526.662857,-1528,0.822857143,0.114285714,0.114285714,0.114285714,0.057142857,0.057142857,0.057142857
174,華碩,ProArt B760-CREATOR WIFI,(MiniITX/Intel 2.5Gb+無線/註五年)8+1相,-1526.662857,-1528,0.822857143,0.114285714,0.114285714,0.114285714,0.057142857,0.057142857,0.057142857
175,華碩,TUF GAMING B850M-PLUS WIFI,(M-ATX/Intel 2.5Gb+無線/註五年)12+1相,-1526.662857,-1528,0.822857143,0.114285714,0.114285714,0.114285714,0.057142857,0.057142857,0.057142857
176,華碩,TUF GAMING B850M-PLUS WIFI7,(ATX/Intel 2.5Gb+無線/註五年)12+1相,-1526.662857,-1528,0.822857143,0.114285714,0.114285714,0.114285714,0.057142857,0.057142857,0.057142857
177,華碩,TUF GAMING B850M-PLUS WIFI7 W,(ATX/LAN2.5Gb+無線/銀白底板)獨家 12+1+1相,-1526.662857,-1528,0.822857143,0.114285714,0.114285714,0.114285714,0.057142857,0.057142857,0.057142857
178,華碩,TUF GAMING B850-E WIFI,(ATX/LAN2.5Gb+無線/註冊四年)14+1相電源,-1526.662857,-1528,0.822857143,0.114285714,0.114285714,0.114285714,0.057142857,0.057142857,0.057142857
179,技嘉,B860M AORUS ELITE WIFI6E,(ATX/LAN2.5Gb+無線)14+1相電源,-1526.662857,-1528,0.822857143,0.114285714,0.114285714,0.114285714,0.057142857,0.057142857,0.057142857
180,技嘉,B860 AORUS ELITE WIFI7 ICE,(ATX/Intel 2.5Gb+無線/註五年)16+1相,-1526.662857,-1528,0.822857143,0.114285714,0.114285714,0.114285714,0.057142857,0.057142857,0.057142857
181,技嘉,B850 AORUS ELITE WIFI7,(ATX/Intel 2.5Gb+無線/註冊四年)16+1相電源,-1526.662857,-1528,0.822857143,0.114285714,0.114285714,0.114285714,0.057142857,0.057142857,0.057142857
182,微星,MPG Z790 CARBON WIFI II,(ATX/M10G+Intel 2.5Gb+無線)16+1相電源,-1526.72,-1528,0.822857143,0.114285714,0.114285714,0.057142857,0.057142857,0.057142857,0.057142857
183,微星,MPG Z890I EDGE TI WIFI,(ATX/Intel 2.5Gb+Wi-Fi7/註五年)16+1+2相,-1526.72,-1528,0.822857143,0.114285714,0.114285714,0.057142857,0.057142857,0.057142857,0.057142857
184,微星,PRO Z890-S WIFI,(M-ATX/LAN2.5Gb+無線/註五年/2DIMM)獨家.6+1+1+1相,-1526.72,-1528,0.822857143,0.114285714,0.114285714,0.057142857,0.057142857,0.057142857,0.057142857
185,微星,PRO Z890-S WIFI WHITE,(M-ATX/LAN2.5Gb/註四年/2DIMM)6+1+1+1相,-1526.72,-1528,0.822857143,0.114285714,0.114285714,0.057142857,0.057142857,0.057142857,0.057142857
186,微星,PRO Z890-P WIFI,(M-ATX/LAN2.5Gb/註四年/2DIMM)6+1+1+1相,-1526.72,-1528,0.822857143,0.114285714,0.114285714,0.057142857,0.057142857,0.057142857,0.057142857
187,微星,PRO Z890-A WIFI,(M-ATX/LAN2.5Gb/註四年)7+1+1+1相,-1526.72,-1528,0.822857143,0.114285714,0.114285714,0.057142857,0.057142857,0.057142857,0.057142857
188,微星,Z890 GAMING PLUS WIFI,(M-ATX/LAN2.5Gb+無線/註四年)7+1+1+1相,-1526.72,-1528,0.822857143,0.114285714,0.114285714,0.057142857,0.057142857,0.057142857,0.057142857
189,微星,MAG Z890 TOMAHAWK WIFI,(M-ATX/LAN2.5Gb+無線/註四年)7+1+1+1相,-1526.72,-1528,0.822857143,0.114285714,0.114285714,0.057142857,0.057142857,0.057142857,0.057142857
190,微星,MPG Z890 EDGE TI WIFI,(M-ATX/LAN2.5Gb/註五年)12+1+2+1相,-1526.72,-1528,0.822857143,0.114285714,0.114285714,0.057142857,0.057142857,0.057142857,0.057142857
191,微星,MPG Z890 CARBON WIFI,(M-ATX/LAN2.5Gb+Wi-Fi 7/註五年)12+1+2+1相,-1526.72,-1528,0.822857143,0.114285714,0.114285714,0.057142857,0.057142857,0.057142857,0.057142857
192,微星,MEG Z890 UNIFY-X,(M-ATX/LAN2.5Gb+Wi-Fi 7)12+1+2+1相,-1526.72,-1528,0.822857143,0.114285714,0.114285714,0.057142857,0.057142857,0.057142857,0.057142857
193,微星,MEG Z890 ACE,(ATX/LAN2.5Gb+Wi-Fi 7/註五年)12+1+2+1相,-1526.72,-1528,0.822857143,0.114285714,0.114285714,0.057142857,0.057142857,0.057142857,0.057142857
194,微星,B850 GAMING PLUS WIFI PZ,(ATX/LAN2.5Gb+Wi-Fi 7)12+1+2+1相,-1526.72,-1528,0.822857143,0.114285714,0.114285714,0.057142857,0.057142857,0.057142857,0.057142857
195,微星,MAG B850 TOMAHAWK MAX WIFI,(ATX/Intel 2.5Gb+Wi-Fi 7/註五年)14+1+2+1相,-1526.72,-1528,0.822857143,0.114285714,0.114285714,0.057142857,0.057142857,0.057142857,0.057142857
196,微星,PRO X870-P WIFI,(ATX/Intel 2.5Gb+Wi-Fi 7)14+1+2+1相,-1526.72,-1528,0.822857143,0.114285714,0.114285714,0.057142857,0.057142857,0.057142857,0.057142857
197,微星,X870 GAMING PLUS WIFI,(ATX/LAN2.5Gb+Wi-Fi 7/註冊四年)14+1+2相電源,-1526.72,-1528,0.822857143,0.114285714,0.114285714,0.057142857,0.057142857,0.057142857,0.057142857
198,微星,PRO X870E-P WIFI,(ATX/LAN 2.5Gb+無線/註五年/白色)12+1+2相電源,-1526.72,-1528,0.822857143,0.114285714,0.114285714,0.057142857,0.057142857,0.057142857,0.057142857
199,微星,X870E GAMING PLUS WIFI,(ATX/Intel 2.5Gb+Wi-Fi 7/註五年/銀白版)16+1+2相,-1526.72,-1528,0.822857143,0.114285714,0.114285714,0.057142857,0.057142857,0.057142857,0.057142857
200,微星,MAG X870 TOMAHAWK WIFI,(ATX/Intel 2.5Gb+Wi-Fi 7/銀白版)16+1+2相,-1526.72,-1528,0.822857143,0.114285714,0.114285714,0.057142857,0.057142857,0.057142857,0.057142857
201,微星,MAG X870E TOMAHAWK WIFI,(ATX/Intel 2.5Gb+Wi-Fi 7)16+1+2相,-1526.72,-1528,0.822857143,0.114285714,0.114285714,0.057142857,0.057142857,0.057142857,0.057142857
202,微星,MPG X870E EDGE TI WIFI,(ATX/LAN 5Gb+Wi-Fi 7/註五年)18+1+2相,-1526.72,-1528,0.822857143,0.114285714,0.114285714,0.057142857,0.057142857,0.057142857,0.057142857
203,微星,MPG X870E CARBON WIFI,(ATX/Marvell10G+Intel 2.5G+Wi-Fi 7)16+1+2相,-1526.72,-1528,0.822857143,0.114285714,0.114285714,0.057142857,0.057142857,0.057142857,0.057142857
204,微星,MEG X870E GODLIKE,(ATX/LAN 5Gb+Wi-Fi 7/註五年/白色)22+1+2相,-1526.72,-1528,0.822857143,0.114285714,0.114285714,0.057142857,0.057142857,0.057142857,0.057142857
205,華擎,Z890M Riptide WiFi,(ATX/LAN 5Gb+Intel 2.5G+Wi-Fi 7)22+1+2+2相,-1526.72,-1528,0.822857143,0.114285714,0.114285714,0.057142857,0.057142857,0.057142857,0.057142857
206,華擎,Z890 Pro-A,(ATX/LAN 5Gb+I 2.5G+Wi-Fi 7/背插)22+1+2+2相,-1526.72,-1528,0.822857143,0.114285714,0.114285714,0.057142857,0.057142857,0.057142857,0.057142857
207,華擎,Z890 Pro-A WiFi,(E-ATX/Marvell10G+I 2.5G+Wi-Fi 7)24+2+2相,-1526.72,-1528,0.822857143,0.114285714,0.114285714,0.057142857,0.057142857,0.057142857,0.057142857
208,華擎,Z890 Pro RS WiFi,(M-ATX 1A1D/U3/LAN 1Gb/註四年),-1526.72,-1528,0.822857143,0.114285714,0.114285714,0.057142857,0.057142857,0.057142857,0.057142857
209,華擎,Z890 Pro RS WiFi White,(M-ATX/1A1D/LAN 1Gb/註四年),-1526.72,-1528,0.822857143,0.114285714,0.114285714,0.057142857,0.057142857,0.057142857,0.057142857
210,華擎,Z890 Steel Legend WiFi,(M-ATX/LAN 1Gb/註四年/4DIMM)4+2相供電,-1526.72,-1528,0.822857143,0.114285714,0.114285714,0.057142857,0.057142857,0.057142857,0.057142857
211,華擎,Z890 Riptide WiFi,(M-ATX/LAN 2.5G+無線/註五年/2DIMM)11相,-1526.72,-1528,0.822857143,0.114285714,0.114285714,0.057142857,0.057142857,0.057142857,0.057142857
212,華擎,Z890 Nova WiFi,(M-ATX/LAN 1G/註四年/2DIMM)9相,-1526.72,-1528,0.822857143,0.114285714,0.114285714,0.057142857,0.057142857,0.057142857,0.057142857
213,華擎,Z890 Taichi Lite,(M-ATX/LAN 1G/註四年/2DIMM)9相,-1526.72,-1528,0.822857143,0.114285714,0.114285714,0.057142857,0.057142857,0.057142857,0.057142857
214,華擎,Z890 Taichi,(M-ATX/LAN 2.5G+無線/註五年/2DIMM)11相,-1526.72,-1528,0.822857143,0.114285714,0.114285714,0.057142857,0.057142857,0.057142857,0.057142857
215,華擎,X870 Pro RS,(M-ATX/LAN 2.5G/註五年)8+2+1相電源,-1526.72,-1528,0.822857143,0.114285714,0.114285714,0.057142857,0.057142857,0.057142857,0.057142857
216,華擎,X870 Pro RS WiFi,(M-ATX/LAN 2.5G/註五年)8+2+1相電源,-1526.72,-1528,0.822857143,0.114285714,0.114285714,0.057142857,0.057142857,0.057142857,0.057142857
217,華擎,X870 Steel Legend WiFi,(M-ATX/LAN 2.5G+無線/註五年)8+2+1相電源,-1526.72,-1528,0.822857143,0.114285714,0.114285714,0.057142857,0.057142857,0.057142857,0.057142857
218,華擎,X870E Nova WiFi,(M-ATX/LAN 2.5G/註五年)12+2+2相電源,-1526.72,-1528,0.822857143,0.114285714,0.114285714,0.057142857,0.057142857,0.057142857,0.057142857
219,華擎,X870E Taichi,(M-ATX/LAN 2.5G+無線/註五年)12+2+2相,-1526.72,-1528,0.822857143,0.114285714,0.114285714,0.057142857,0.057142857,0.057142857,0.057142857
220,華擎,TRX50 WS,(M-ATX/LAN 2.5G+無線)12+2+2相,-1526.72,-1528,0.822857143,0.114285714,0.114285714,0.057142857,0.057142857,0.057142857,0.057142857
221,華碩,PRO WS Z890-ACE SE,(ATX/LAN 2.5G+無線/註五年)8+2+2相電源,-1526.72,-1528,0.822857143,0.114285714,0.114285714,0.057142857,0.057142857,0.057142857,0.057142857
222,華碩,ROG STRIX B760-G GAMING WIFI,(ATX/LAN 2.5G+無線/註五年)8+2+2相電源,-1526.72,-1528,0.822857143,0.114285714,0.114285714,0.057142857,0.057142857,0.057142857,0.057142857
223,華碩,ROG STRIX B760-A GAMING WIFI,(ATX/LAN 2.5G+無線)12+2相電源,-1526.72,-1528,0.822857143,0.114285714,0.114285714,0.057142857,0.057142857,0.057142857,0.057142857
224,華碩,TUF GAMING Z790-PLUS WIFI,(ATX/LAN 2.5G+無線)12+2相電源,-1526.72,-1528,0.822857143,0.114285714,0.114285714,0.057142857,0.057142857,0.057142857,0.057142857
225,華碩,PRIME Z790-A WIFI-CSM,(ATX/Intel2.5G+無線)12+2+1相,-1526.72,-1528,0.822857143,0.114285714,0.114285714,0.057142857,0.057142857,0.057142857,0.057142857
226,華碩,ProArt Z790-CREATOR WIFI,(M-ATX/LAN2.5G/註冊四年保/2DIMM)8+2+1相,-1526.72,-1528,0.822857143,0.114285714,0.114285714,0.057142857,0.057142857,0.057142857,0.057142857
227,華碩,ROG STRIX Z790-A GAMING WIFI II,(M-ATX/LAN2.5G+無線/註五年)8+2+1相,-1526.72,-1528,0.822857143,0.114285714,0.114285714,0.057142857,0.057142857,0.057142857,0.057142857
228,華碩,ROG STRIX B860-A GAMING WIFI,(M-ATX/LAN2.5G+無線/註五年)8+2+1相,-1526.72,-1528,0.822857143,0.114285714,0.114285714,0.057142857,0.057142857,0.057142857,0.057142857
229,華碩,PRIME Z890-P WIFI-CSM,(M-ATX/LAN2.5G/註冊五年保)14+2+1相,-1526.72,-1528,0.822857143,0.114285714,0.114285714,0.057142857,0.057142857,0.057142857,0.057142857
230,華碩,Z890 AYW GAMING WIFI W,(M-ATX/LAN2.5G/註冊五年保)14+2+1相,-1526.72,-1528,0.822857143,0.114285714,0.114285714,0.057142857,0.057142857,0.057142857,0.057142857
231,華碩,TUF GAMING Z890-PRO WIFI,(M-ATX/LAN2.5G+無線/註五年)14+2+1相,-1526.72,-1528,0.822857143,0.114285714,0.114285714,0.057142857,0.057142857,0.057142857,0.057142857
232,華碩,ROG STRIX Z890-A GAMING WIFI,(M-ATX/LAN2.5G+Wi-Fi 7/註五年)14+2+1相,-1526.72,-1528,0.822857143,0.114285714,0.114285714,0.057142857,0.057142857,0.057142857,0.057142857
233,華碩,ROG STRIX Z890-F GAMING WIFI,(M-ATX/LAN2.5G+Wi-Fi 7/註五年/白)14+2+1相,-1526.72,-1528,0.822857143,0.114285714,0.114285714,0.057142857,0.057142857,0.057142857,0.057142857
234,華碩,ROG STRIX Z890-E GAMING WIFI,(ATX/LAN2.5G+無線/註五年/銀白)獨家.8+2+1相,-1526.72,-1528,0.822857143,0.114285714,0.114285714,0.057142857,0.057142857,0.057142857,0.057142857
235,華碩,ProArt Z890-CREATOR WIFI,(ATX/LAN2.5G+無線/註五年)8+2+1相,-1526.72,-1528,0.822857143,0.114285714,0.114285714,0.057142857,0.057142857,0.057142857,0.057142857
236,華碩,ROG MAXIMUS Z890 APEX,(白)(M-ATX/Intel 2.5G+Wi-Fi 7)14+2+1相,-1526.72,-1528,0.822857143,0.114285714,0.114285714,0.057142857,0.057142857,0.057142857,0.057142857
237,華碩,ROG MAXIMUS Z890 HERO,(白)(ATX/Intel 2.5G+Wi-Fi 7/註五年)14+2+1相,-1526.72,-1528,0.822857143,0.114285714,0.114285714,0.057142857,0.057142857,0.057142857,0.057142857
238,華碩,ROG MAXIMUS Z890 HERO BTF,(ATX/Intel 2.5G+Wi-Fi 7/註五年)16+2+1相,-1526.72,-1528,0.822857143,0.114285714,0.114285714,0.057142857,0.057142857,0.057142857,0.057142857
239,華碩,ROG MAXIMUS Z890 EXTREME,(ATX/LAN2.5G+Wi-Fi 7/註四年)14+2+1相,-1526.72,-1528,0.822857143,0.114285714,0.114285714,0.057142857,0.057142857,0.057142857,0.057142857
240,華碩,ROG STRIX B850-F GAMING WIFI,(ATX/LAN2.5G+Wi-Fi 7/註四年)14+2+1相,-1526.72,-1528,0.822857143,0.114285714,0.114285714,0.057142857,0.057142857,0.057142857,0.057142857
241,華碩,PRIME X870-P WIFI-CSM,(ATX/LAN2.5G+無線/註五年/銀白)12+2+1相,-1526.72,-1528,0.822857143,0.114285714,0.114285714,0.057142857,0.057142857,0.057142857,0.057142857
242,華碩,X870 AYW GAMING WIFI W,(ATX/LAN2.5G+Wi-Fi 7/註五年/銀白)12+2+1相,-1526.72,-1528,0.822857143,0.114285714,0.114285714,0.057142857,0.057142857,0.057142857,0.057142857
243,華碩,X870 MAX GAMING WIFI7 W,(ATX/LAN2.5G+Wi-Fi 7/註五年)16+2+1相,-1526.72,-1528,0.822857143,0.114285714,0.114285714,0.057142857,0.057142857,0.057142857,0.057142857
244,華碩,TUF GAMING X870-PLUS WIFI,(ATX/Marvell 10G+Intel 2.5G+Wi-Fi 7)16+2+2相,-1526.72,-1528,0.822857143,0.114285714,0.114285714,0.057142857,0.057142857,0.057142857,0.057142857
245,華碩,ProArt X870E-CREATOR WIFI,(ATX/Intel 2.5G+Wi-Fi 7/註五年/白色)16+2+2相,-1526.72,-1528,0.822857143,0.114285714,0.114285714,0.057142857,0.057142857,0.057142857,0.057142857
246,華碩,ROG STRIX X870-A GAMING WIFI,(ATX/LAN 5G+Wi-Fi 7/註五年)18+2+2相,-1526.72,-1528,0.822857143,0.114285714,0.114285714,0.057142857,0.057142857,0.057142857,0.057142857
247,華碩,ROG STRIX X870E-E GAMING WIFI,(ATX/LAN 5G+Intel 2.5G+Wi-Fi 7)18+2+2相,-1526.72,-1528,0.822857143,0.114285714,0.114285714,0.057142857,0.057142857,0.057142857,0.057142857
248,華碩,ROG CROSSHAIR X870E HERO,(ATX/LAN 5G+Intel 2.5G+Wi-Fi 7)18+2+2相,-1526.72,-1528,0.822857143,0.114285714,0.114285714,0.057142857,0.057142857,0.057142857,0.057142857
249,華碩,ROG CROSSHAIR X870E HERO BTF背插,(E-ATX/LAN 5G+Marvell10G+Wi-Fi 7)20+2+2相,-1526.72,-1528,0.822857143,0.114285714,0.114285714,0.057142857,0.057142857,0.057142857,0.057142857
250,技嘉,Z890 EAGLE WIFI7,(CEB/Marvell 10Gb+Intel 2.5Gb+Wi-Fi 7/註四年),-1526.72,-1528,0.822857143,0.114285714,0.114285714,0.057142857,0.057142857,0.057142857,0.057142857
251,技嘉,Z890 GAMING X WIFI7,(CEB/Marvell 10Gb+Intel 2.5Gb+Wi-Fi 7/註四年)36相,-1526.72,-1528,0.822857143,0.114285714,0.114285714,0.057142857,0.057142857,0.057142857,0.057142857
252,技嘉,Z890 AORUS ELITE WIFI7 ICE 冰魄白,(M-ATX/1A1H/LAN 1Gb/註四年/2DIMM)6+1+1 相電源,-1526.72,-1528,0.822857143,0.114285714,0.114285714,0.057142857,0.057142857,0.057142857,0.057142857
253,技嘉,Z890 AORUS PRO ICE 冰魄白,(M-ATX/LAN 1Gb/註四年/2DIMM)6+1+1 相電源,-1526.72,-1528,0.822857143,0.114285714,0.114285714,0.057142857,0.057142857,0.057142857,0.057142857
254,技嘉,Z890 AI TOP,(M-ATX/LAN 1Gb/註冊四年保/2DIMM)6+1+1相供電,-1526.72,-1528,0.822857143,0.114285714,0.114285714,0.057142857,0.057142857,0.057142857,0.057142857
255,技嘉,Z890 AORUS TACHYON ICE,(M-ATX/LAN 2.5Gb/註冊五年保/2DIMM)6+2+1相供電,-1526.72,-1528,0.822857143,0.114285714,0.114285714,0.057142857,0.057142857,0.057142857,0.057142857
256,技嘉,B650E AORUS ELITE X AX ICE 冰魄白,(M-ATX/LAN 2.5Gb+無線/註冊五年保)4+1+1相供電,-1526.72,-1528,0.822857143,0.114285714,0.114285714,0.057142857,0.057142857,0.057142857,0.057142857
257,技嘉,B850 GAMING X WIFI6E,(M-ATX/LAN 2.5Gb+無線)6+2+1相,-1526.72,-1528,0.822857143,0.114285714,0.114285714,0.057142857,0.057142857,0.057142857,0.057142857
258,技嘉,X870 GAMING X WIFI7,(M-ATX/LAN 2.5Gb+無線)6+2+1相,-1526.72,-1528,0.822857143,0.114285714,0.114285714,0.057142857,0.057142857,0.057142857,0.057142857
259,技嘉,X870 AORUS ELITE WIFI7,(M-ATX/LAN 2.5Gb/註冊四年保)6+2+1相,-1526.72,-1528,0.822857143,0.114285714,0.114285714,0.057142857,0.057142857,0.057142857,0.057142857
260,技嘉,X870 AORUS ELITE WIFI7 ICE,(M-ATX/LAN 2.5Gb/註冊四年保)6+2+1相,-1526.72,-1528,0.822857143,0.114285714,0.114285714,0.057142857,0.057142857,0.057142857,0.057142857
261,技嘉,X870 AORUS TACHYON ICE,(M-ATX/LAN 2.5Gb+無線/註冊四年保)6+2相,-1526.72,-1528,0.822857143,0.114285714,0.114285714,0.057142857,0.057142857,0.057142857,0.057142857
262,華擎,B860M Pro RS WiFi,(M-ATX/LAN 2.5Gb+無線/註冊四年保)6+2相,-1527.074286,-1528,0.411428571,0.114285714,0.114285714,0.114285714,0.057142857,0.057142857,0.057142857
263,華碩,PRO WS W680-ACE,(M-ATX/LAN 2.5Gb+無線/註冊五年保)12+1+1相,-1527.074286,-1528,0.411428571,0.114285714,0.114285714,0.114285714,0.057142857,0.057142857,0.057142857
264,華碩,PRO WS W680-ACE IPMI,(M-ATX/LAN 2.5Gb+無線/註五年)8+1+1相電源,-1527.074286,-1528,0.411428571,0.114285714,0.114285714,0.114285714,0.057142857,0.057142857,0.057142857
265,華碩,Pro WS W790-ACE,(M-ATX/LAN2.5G+無線/註五年)8+1+2相,-1527.074286,-1528,0.411428571,0.114285714,0.114285714,0.114285714,0.057142857,0.057142857,0.057142857
266,技嘉,B860M AORUS ELITE WIFI6E ICE,(M-ATX/LAN2.5G+無線/註五年)8+1+2相,-1527.074286,-1528,0.411428571,0.114285714,0.114285714,0.114285714,0.057142857,0.057142857,0.057142857
267,技嘉,B850M AORUS ELITE WIFI6E ICE,(M-ATX/LAN2.5G+無線/註四年)5+1+2相,-1527.074286,-1528,0.411428571,0.114285714,0.114285714,0.114285714,0.057142857,0.057142857,0.057142857
268,技嘉,B850 AORUS ELITE WIFI7 ICE,(M-ATX/LAN2.5G+無線/註五年)8+1+2相,-1527.074286,-1528,0.411428571,0.114285714,0.114285714,0.114285714,0.057142857,0.057142857,0.057142857
269,微星,MEG Z890 GODLIKE,(M-ATX/LAN2.5G+無線/註五年)8+1+2相,-1527.131429,-1528,0.411428571,0.114285714,0.114285714,0.057142857,0.057142857,0.057142857,0.057142857
270,華擎,Z890I Nova WiFi,(M-ATX/LAN2.5G+無線/註五年)12+1+2相,-1527.131429,-1528,0.411428571,0.114285714,0.114285714,0.057142857,0.057142857,0.057142857,0.057142857
271,華碩,ROG STRIX B850-G GAMING WIFI,(冰魄白)(M-ATX/LAN2.5G+無線)12+1+2相,-1527.131429,-1528,0.411428571,0.114285714,0.114285714,0.057142857,0.057142857,0.057142857,0.057142857
272,華碩,ROG STRIX B850-A GAMING WIFI,(ATX/LAN2.5G+無線/註五年)12+1+2相,-1527.131429,-1528,0.411428571,0.114285714,0.114285714,0.057142857,0.057142857,0.057142857,0.057142857
273,華碩,Pro WS TRX50-SAGE WIFI A,(ATX/LAN2.5G+無線/註五年)12+1+2相,-1527.131429,-1528,0.411428571,0.114285714,0.114285714,0.057142857,0.057142857,0.057142857,0.057142857
274,華碩,Pro WS TRX50-SAGE WIFI,(ATX/LAN2.5G+Wi-Fi 7/註五年)12+1+2相,-1527.131429,-1528,0.411428571,0.114285714,0.114285714,0.057142857,0.057142857,0.057142857,0.057142857
275,技嘉,X870E AORUS PRO ICE,(ATX/LAN2.5Gb+Wi-Fi 7/註冊四年)14+1+2相電源,-1527.131429,-1528,0.411428571,0.114285714,0.114285714,0.057142857,0.057142857,0.057142857,0.057142857
276,NZXT,N9 Z890,(ATX/LAN2.5Gb+Wi-Fi 7/註冊五年)16+1+2相電源,-1527.131429,-1528,0.411428571,0.114285714,0.114285714,0.057142857,0.057142857,0.057142857,0.057142857
277,NZXT,N9 X870E,(ATX/LAN2.5Gb+Wi-Fi 7)16+1+2相,-1527.131429,-1528,0.411428571,0.114285714,0.114285714,0.057142857,0.057142857,0.057142857,0.057142857
,,,(ATX/LAN 5Gb+Wi-Fi 7)16+1+2相,,,,,,,,,
,,,(E-ATX/2*Marvell 10Gb+Wi-Fi 7/註五年)16+1+2相,,,,,,,,,
,,,(E-ATX/LAN 5Gb+Wi-Fi 7/註五年)18+1+2相,,,,,,,,,
,,,(M-ATX 1A/U3/LPT+COM埠/三年保),,,,,,,,,
,,,(M-ATX 1A1H/LAN 1Gb/全固/LPT+COM埠/註四年),,,,,,,,,
,,,(M-ATX/1A1H/LAN 1Gb/註四年)8相數位供電,,,,,,,,,
,,,(M-ATX/LAN 1Gb+無線/註五年) 5+3相電源,,,,,,,,,
,,,(M-ATX/1D1H/LAN 1Gb/註五年) 獨家5+3相,,,,,,,,,
,,,(M-ATX/LAN 1Gb/註冊四年/2DIMM)5+2+2相電源,,,,,,,,,
,,,(M-ATX/LAN 2.5G/註五年/2DIMM)5+2+2相,,,,,,,,,
,,,(M-ATX/LAN 2.5G+AMD 無線/4DIMM)6+2+1相電源,,,,,,,,,
,,,(M-ATX冰魄白/LAN 2.5G+無線/五年)12+2+2相,,,,,,,,,
,,,(ATX/LAN 1Gb+無線/註冊四年)12+2+2相電源,,,,,,,,,
,,,(ATX/LAN 2.5G+無線/註五年)12+2+2相電源,,,,,,,,,
,,,(ATX/LAN 2.5G+無線)12+2+2相,,,,,,,,,
,,,(M-ATX/LAN2.5G/註四年/雪白)8+2+2相,,,,,,,,,
,,,(白)(M-ATX/LAN2.5G+無線/註五年)12+2+2相,,,,,,,,,
,,,(ATX/LAN2.5G+無線/註五年)12+2+2相,,,,,,,,,
,,,(ATX/LAN2.5G+Wi-Fi 7/註五年)14+2+2相,,,,,,,,,
,,,(冰魄白)(ATX/LAN2.5G+Wi-Fi 7/註五年)14+2+2相,,,,,,,,,
,,,(ATX/LAN2.5G+Wi-Fi 7/註五年)16+2+2相,,,,,,,,,
,,,(ATX/LAN2.5G+Wi-Fi 7/註五年)16+2+2相,,,,,,,,,
,,,(ATX/LAN2.5G+Wi-Fi 7/獨家-冰魄白)16+2+2相,,,,,,,,,
,,,(冰魄白)(ATX/LAN2.5G+Wi-Fi 7)16+2+2相,,,,,,,,,
,,,(E-ATX/LAN 5G+Wi-Fi 7/註五年)18+2+2相,,,,,,,,,
,,,(黑)(ATX/LAN 5Gb+Wi-Fi 7/五年換新)20+1+1相,,,,,,,,,
,,,(白)(ATX/LAN 5Gb+Wi-Fi 7/五年換新)20+1+1相,,,,,,,,,
,,,(黑)(ATX/LAN 5Gb+Wi-Fi 7/五年換新)20+2+1相,,,,,,,,,
,,,,,,,,,,,,
,,,,,,,,,,,,
,,,,,,,,,,,,
,,,,,,,,,,,,
,,,,,,,,,,,,
,,,,,,,,,,,,
,,,,,,,,,,,,
,,,,,,,,,,,,
,,,,,,,,,,,,
,,,,,,,,,,,,
,,,,,,,,,,,,
,,,,,,,,,,,,
,,,,,,,,,,,,
,,,,,,,,,,,,
,,,,,,,,,,,,
,,,,,,,,,,,,
,,,,,,,,,,,,
,,,,,,,,,,,,
,,,,,,,,,,,,
,,,,,,,,,,,,
,,,,,,,,,,,,
,,,,,,,,,,,,
,,,,,,,,,,,,
,,,,,,,,,,,,
,,,,,,,,,,,,
,,,,,,,,,,,,
,,,,,,,,,,,,
,,,,,,,,,,,,
,,,,,,,,,,,,
,,,,,,,,,,,,
,,,,,,,,,,,,
,,,,,,,,,,,,
,,,,,,,,,,,,
,,,,,,,,,,,,
,,,,,,,,,,,,
,,,,,,,,,,,,
,,,,,,,,,,,,
,,,,,,,,,,,,
,,,,,,,,,,,,
,,,,,,,,,,,,
,,,,,,,,,,,,
,,,,,,,,,,,,
,,,,,,,,,,,,
,,,,,,,,,,,,
,,,,,,,,,,,,
,,,,,,,,,,,,
,,,,,,,,,,,,
,,,,,,,,,,,,
,,,,,,,,,,,,
,,,,,,,,,,,,
,,,,,,,,,,,,
,,,,,,,,,,,,
,,,,,,,,,,,,
,,,,,,,,,,,,
,,,,,,,,,,,,
,,,,,,,,,,,,
,,,,,,,,,,,,
,,,,,,,,,,,,
,,,,,,,,,,,,
,,,,,,,,,,,,
,,,,,,,,,,,,
,,,,,,,,,,,,
,,,,,,,,,,,,
,,,,,,,,,,,,
,,,,,,,,,,,,
,,,,,,,,,,,,
,,,,,,,,,,,,
,,,,,,,,,,,,
,,,,,,,,,,,,
,,,,,,,,,,,,
,,,,,,,,,,,,
,,,,,,,,,,,,
,,,,,,,,,,,,
,,,,,,,,,,,,
,,,,,,,,,,,,
,,,,,,,,,,,,
,,,,,,,,,,,,
,,,,,,,,,,,,
,,,,,,,,,,,,
,,,,,,,,,,,,
,,,,,,,,,,,,
,,,,,,,,,,,,
,,,,,,,,,,,,
,,,,,,,,,,,,
,,,,,,,,,,,,
,,,,,,,,,,,,
,,,,,,,,,,,,
,,,,,,,,,,,,
,,,,,,,,,,,,
,,,,,,,,,,,,
,,,,,,,,,,,,
,,,,,,,,,,,,
,,,,,,,,,,,,
,,,,,,,,,,,,
,,,,,,,,,,,,
,,,,,,,,,,,,
,,,,,,,,,,,,
,,,,,,,,,,,,
,,,,,,,,,,,,
,,,,,,,,,,,,
,,,,,,,,,,,,
,,,,,,,,,,,,
,,,,,,,,,,,,
,,,,,,,,,,,,
,,,,,,,,,,,,
,,,,,,,,,,,,
,,,,,,,,,,,,
,,,,,,,,,,,,
,,,,,,,,,,,,
,,,,,,,,,,,,
,,,,,,,,,,,,
,,,,,,,,,,,,
,,,,,,,,,,,,
,,,,,,,,,,,,
,,,,,,,,,,,,
,,,,,,,,,,,,
,,,,,,,,,,,,
,,,,,,,,,,,,
,,,,,,,,,,,,
,,,,,,,,,,,,
,,,,,,,,,,,,
,,,,,,,,,,,,
,,,,,,,,,,,,
,,,,,,,,,,,,
,,,,,,,,,,,,
,,,,,,,,,,,,
,,,,,,,,,,,,
,,,,,,,,,,,,
,,,,,,,,,,,,
,,,,,,,,,,,,
,,,,,,,,,,,,
,,,,,,,,,,,,
,,,,,,,,,,,,
,,,,,,,,,,,,
,,,,,,,,,,,,
,,,,,,,,,,,,
,,,,,,,,,,,,
,,,,,,,,,,,,
,,,,,,,,,,,,
,,,,,,,,,,,,
,,,,,,,,,,,,
,,,,,,,,,,,,
,,,,,,,,,,,,
,,,,,,,,,,,,
,,,,,,,,,,,,
,,,,,,,,,,,,
,,,,,,,,,,,,
,,,,,,,,,,,,
,,,,,,,,,,,,
,,,,,,,,,,,,
,,,,,,,,,,,,
,,,,,,,,,,,,
,,,,,,,,,,,,
,,,,,,,,,,,,
,,,,,,,,,,,,
,,,,,,,,,,,,
,,,,,,,,,,,,
,,,,,,,,,,,,
,,,,,,,,,,,,
,,,,,,,,,,,,
,,,,,,,,,,,,
,,,,,,,,,,,,
,,,,,,,,,,,,
,,,,,,,,,,,,
,,,,,,,,,,,,
,,,,,,,,,,,,
,,,,,,,,,,,,
,,,,,,,,,,,,
,,,,,,,,,,,,
,,,,,,,,,,,,
,,,,,,,,,,,,
,,,,,,,,,,,,
,,,,,,,,,,,,
,,,,,,,,,,,,
,,,,,,,,,,,,
,,,,,,,,,,,,
,,,,,,,,,,,,
,,,,,,,,,,,,
,,,,,,,,,,,,
,,,,,,,,,,,,
,,,,,,,,,,,,
,,,,,,,,,,,,
,,,,,,,,,,,,
,,,,,,,,,,,,
,,,,,,,,,,,,
,,,,,,,,,,,,
,,,,,,,,,,,,
,,,,,,,,,,,,
,,,,,,,,,,,,
,,,,,,,,,,,,
,,,,,,,,,,,,
,,,,,,,,,,,,
,,,,,,,,,,,,
,,,,,,,,,,,,
,,,,,,,,,,,,
,,,,,,,,,,,,
,,,,,,,,,,,,
,,,,,,,,,,,,
,,,,,,,,,,,,
,,,,,,,,,,,,
,,,,,,,,,,,,
,,,,,,,,,,,,
,,,,,,,,,,,,
,,,,,,,,,,,,
,,,,,,,,,,,,
,,,,,,,,,,,,
,,,,,,,,,,,,
,,,,,,,,,,,,
,,,,,,,,,,,,
,,,,,,,,,,,,
,,,,,,,,,,,,
,,,,,,,,,,,,
,,,,,,,,,,,,
,,,,,,,,,,,,
,,,,,,,,,,,,
,,,,,,,,,,,,
,,,,,,,,,,,,
,,,,,,,,,,,,
,,,,,,,,,,,,
,,,,,,,,,,,,
,,,,,,,,,,,,
,,,,,,,,,,,,
,,,,,,,,,,,,
,,,,,,,,,,,,
,,,,,,,,,,,,
,,,,,,,,,,,,
,,,,,,,,,,,,
,,,,,,,,,,,,
,,,,,,,,,,,,
,,,,,,,,,,,,
,,,,,,,,,,,,
,,,,,,,,,,,,
,,,,,,,,,,,,
,,,,,,,,,,,,
,,,,,,,,,,,,
,,,,,,,,,,,,
,,,,,,,,,,,,
,,,,,,,,,,,,
,,,,,,,,,,,,
,,,,,,,,,,,,
,,,,,,,,,,,,
,,,,,,,,,,,,
,,,,,,,,,,,,
,,,,,,,,,,,,
,,,,,,,,,,,,
,,,,,,,,,,,,
,,,,,,,,,,,,
,,,,,,,,,,,,
,,,,,,,,,,,,
,,,,,,,,,,,,
,,,,,,,,,,,,
,,,,,,,,,,,,
,,,,,,,,,,,,
,,,,,,,,,,,,
,,,,,,,,,,,,
,,,,,,,,,,,,
,,,,,,,,,,,,
,,,,,,,,,,,,
,,,,,,,,,,,,
,,,,,,,,,,,,
,,,,,,,,,,,,
,,,,,,,,,,,,
,,,,,,,,,,,,
,,,,,,,,,,,,
,,,,,,,,,,,,
,,,,,,,,,,,,
,,,,,,,,,,,,
,,,,,,,,,,,,
,,,,,,,,,,,,
,,,,,,,,,,,,
,,,,,,,,,,,,
,,,,,,,,,,,,
,,,,,,,,,,,,
,,,,,,,,,,,,
,,,,,,,,,,,,
,,,,,,,,,,,,
,,,,,,,,,,,,
,,,,,,,,,,,,
,,,,,,,,,,,,
,,,,,,,,,,,,
,,,,,,,,,,,,
,,,,,,,,,,,,
,,,,,,,,,,,,
,,,,,,,,,,,,
,,,,,,,,,,,,
,,,,,,,,,,,,
,,,,,,,,,,,,
,,,,,,,,,,,,
,,,,,,,,,,,,
,,,,,,,,,,,,
,,,,,,,,,,,,
,,,,,,,,,,,,
,,,,,,,,,,,,
,,,,,,,,,,,,
,,,,,,,,,,,,
,,,,,,,,,,,,
,,,,,,,,,,,,
,,,,,,,,,,,,
,,,,,,,,,,,,
,,,,,,,,,,,,
,,,,,,,,,,,,
,,,,,,,,,,,,
,,,,,,,,,,,,
,,,,,,,,,,,,
,,,,,,,,,,,,
,,,,,,,,,,,,
,,,,,,,,,,,,
,,,,,,,,,,,,
,,,,,,,,,,,,
,,,,,,,,,,,,
,,,,,,,,,,,,
,,,,,,,,,,,,
,,,,,,,,,,,,
,,,,,,,,,,,,
,,,,,,,,,,,,
,,,,,,,,,,,,
,,,,,,,,,,,,
,,,,,,,,,,,,
,,,,,,,,,,,,
,,,,,,,,,,,,
,,,,,,,,,,,,
,,,,,,,,,,,,
,,,,,,,,,,,,
,,,,,,,,,,,,
,,,,,,,,,,,,
,,,,,,,,,,,,
,,,,,,,,,,,,
,,,,,,,,,,,,
,,,,,,,,,,,,
,,,,,,,,,,,,
,,,,,,,,,,,,
,,,,,,,,,,,,
,,,,,,,,,,,,
,,,,,,,,,,,,
,,,,,,,,,,,,
,,,,,,,,,,,,
,,,,,,,,,,,,
,,,,,,,,,,,,
,,,,,,,,,,,,
,,,,,,,,,,,,
,,,,,,,,,,,,
,,,,,,,,,,,,
,,,,,,,,,,,,
,,,,,,,,,,,,
,,,,,,,,,,,,
,,,,,,,,,,,,
,,,,,,,,,,,,
,,,,,,,,,,,,
,,,,,,,,,,,,
,,,,,,,,,,,,
,,,,,,,,,,,,
,,,,,,,,,,,,
,,,,,,,,,,,,
,,,,,,,,,,,,
,,,,,,,,,,,,
,,,,,,,,,,,,
,,,,,,,,,,,,
,,,,,,,,,,,,
,,,,,,,,,,,,
,,,,,,,,,,,,
,,,,,,,,,,,,
,,,,,,,,,,,,
,,,,,,,,,,,,
,,,,,,,,,,,,
,,,,,,,,,,,,
,,,,,,,,,,,,
,,,,,,,,,,,,
,,,,,,,,,,,,
,,,,,,,,,,,,
,,,,,,,,,,,,
,,,,,,,,,,,,
,,,,,,,,,,,,
,,,,,,,,,,,,
,,,,,,,,,,,,
,,,,,,,,,,,,
,,,,,,,,,,,,
,,,,,,,,,,,,
,,,,,,,,,,,,
,,,,,,,,,,,,
,,,,,,,,,,,,
,,,,,,,,,,,,
,,,,,,,,,,,,
,,,,,,,,,,,,
,,,,,,,,,,,,
,,,,,,,,,,,,
,,,,,,,,,,,,
,,,,,,,,,,,,
,,,,,,,,,,,,
,,,,,,,,,,,,
,,,,,,,,,,,,
,,,,,,,,,,,,
,,,,,,,,,,,,
,,,,,,,,,,,,
,,,,,,,,,,,,
,,,,,,,,,,,,
,,,,,,,,,,,,
,,,,,,,,,,,,
,,,,,,,,,,,,
,,,,,,,,,,,,
,,,,,,,,,,,,
,,,,,,,,,,,,
,,,,,,,,,,,,
,,,,,,,,,,,,
,,,,,,,,,,,,
,,,,,,,,,,,,
,,,,,,,,,,,,
,,,,,,,,,,,,
,,,,,,,,,,,,
,,,,,,,,,,,,
,,,,,,,,,,,,
,,,,,,,,,,,,
,,,,,,,,,,,,
,,,,,,,,,,,,
,,,,,,,,,,,,
,,,,,,,,,,,,
,,,,,,,,,,,,
,,,,,,,,,,,,
,,,,,,,,,,,,
,,,,,,,,,,,,
,,,,,,,,,,,,
,,,,,,,,,,,,
,,,,,,,,,,,,
,,,,,,,,,,,,
,,,,,,,,,,,,
,,,,,,,,,,,,
,,,,,,,,,,,,
,,,,,,,,,,,,
,,,,,,,,,,,,
,,,,,,,,,,,,
,,,,,,,,,,,,
,,,,,,,,,,,,
,,,,,,,,,,,,
,,,,,,,,,,,,
,,,,,,,,,,,,
,,,,,,,,,,,,
,,,,,,,,,,,,
,,,,,,,,,,,,
,,,,,,,,,,,,
,,,,,,,,,,,,
,,,,,,,,,,,,
,,,,,,,,,,,,
,,,,,,,,,,,,
,,,,,,,,,,,,
,,,,,,,,,,,,
,,,,,,,,,,,,
,,,,,,,,,,,,
,,,,,,,,,,,,
,,,,,,,,,,,,
,,,,,,,,,,,,
,,,,,,,,,,,,
,,,,,,,,,,,,
,,,,,,,,,,,,
,,,,,,,,,,,,
,,,,,,,,,,,,
,,,,,,,,,,,,
,,,,,,,,,,,,
,,,,,,,,,,,,
,,,,,,,,,,,,
,,,,,,,,,,,,
,,,,,,,,,,,,
,,,,,,,,,,,,
,,,,,,,,,,,,
,,,,,,,,,,,,
,,,,,,,,,,,,
,,,,,,,,,,,,
,,,,,,,,,,,,
,,,,,,,,,,,,
,,,,,,,,,,,,
,,,,,,,,,,,,
,,,,,,,,,,,,
,,,,,,,,,,,,
,,,,,,,,,,,,
,,,,,,,,,,,,
,,,,,,,,,,,,
,,,,,,,,,,,,
,,,,,,,,,,,,
,,,,,,,,,,,,
,,,,,,,,,,,,
,,,,,,,,,,,,
,,,,,,,,,,,,
,,,,,,,,,,,,
,,,,,,,,,,,,
,,,,,,,,,,,,
,,,,,,,,,,,,
,,,,,,,,,,,,
,,,,,,,,,,,,
,,,,,,,,,,,,
,,,,,,,,,,,,
,,,,,,,,,,,,
,,,,,,,,,,,,
,,,,,,,,,,,,
,,,,,,,,,,,,
,,,,,,,,,,,,
,,,,,,,,,,,,
,,,,,,,,,,,,
,,,,,,,,,,,,
,,,,,,,,,,,,
,,,,,,,,,,,,
,,,,,,,,,,,,
,,,,,,,,,,,,
,,,,,,,,,,,,
,,,,,,,,,,,,
,,,,,,,,,,,,
,,,,,,,,,,,,
,,,,,,,,,,,,
,,,,,,,,,,,,
,,,,,,,,,,,,
,,,,,,,,,,,,
,,,,,,,,,,,,
,,,,,,,,,,,,
,,,,,,,,,,,,
,,,,,,,,,,,,
,,,,,,,,,,,,
,,,,,,,,,,,,
,,,,,,,,,,,,
,,,,,,,,,,,,
,,,,,,,,,,,,
,,,,,,,,,,,,
,,,,,,,,,,,,
,,,,,,,,,,,,
,,,,,,,,,,,,
,,,,,,,,,,,,
,,,,,,,,,,,,
,,,,,,,,,,,,
,,,,,,,,,,,,
,,,,,,,,,,,,
,,,,,,,,,,,,
,,,,,,,,,,,,
,,,,,,,,,,,,
,,,,,,,,,,,,
,,,,,,,,,,,,
,,,,,,,,,,,,
,,,,,,,,,,,,
,,,,,,,,,,,,
,,,,,,,,,,,,
,,,,,,,,,,,,
,,,,,,,,,,,,
,,,,,,,,,,,,
,,,,,,,,,,,,
,,,,,,,,,,,,
,,,,,,,,,,,,
,,,,,,,,,,,,
,,,,,,,,,,,,
,,,,,,,,,,,,
,,,,,,,,,,,,
,,,,,,,,,,,,
,,,,,,,,,,,,
,,,,,,,,,,,,
,,,,,,,,,,,,
,,,,,,,,,,,,
,,,,,,,,,,,,
,,,,,,,,,,,,
,,,,,,,,,,,,
,,,,,,,,,,,,
,,,,,,,,,,,,
,,,,,,,,,,,,
,,,,,,,,,,,,
,,,,,,,,,,,,
,,,,,,,,,,,,
,,,,,,,,,,,,
,,,,,,,,,,,,
,,,,,,,,,,,,
,,,,,,,,,,,,
,,,,,,,,,,,,
,,,,,,,,,,,,
,,,,,,,,,,,,
,,,,,,,,,,,,
,,,,,,,,,,,,
,,,,,,,,,,,,
,,,,,,,,,,,,
,,,,,,,,,,,,
,,,,,,,,,,,,
,,,,,,,,,,,,
,,,,,,,,,,,,
,,,,,,,,,,,,
,,,,,,,,,,,,
,,,,,,,,,,,,
,,,,,,,,,,,,
,,,,,,,,,,,,
,,,,,,,,,,,,
,,,,,,,,,,,,
,,,,,,,,,,,,
,,,,,,,,,,,,
,,,,,,,,,,,,
,,,,,,,,,,,,
,,,,,,,,,,,,
,,,,,,,,,,,,
,,,,,,,,,,,,
,,,,,,,,,,,,
,,,,,,,,,,,,
,,,,,,,,,,,,
,,,,,,,,,,,,
,,,,,,,,,,,,
,,,,,,,,,,,,
,,,,,,,,,,,,
,,,,,,,,,,,,
,,,,,,,,,,,,
,,,,,,,,,,,,
,,,,,,,,,,,,
,,,,,,,,,,,,
,,,,,,,,,,,,
,,,,,,,,,,,,
,,,,,,,,,,,,
,,,,,,,,,,,,
,,,,,,,,,,,,
,,,,,,,,,,,,
,,,,,,,,,,,,
,,,,,,,,,,,,
,,,,,,,,,,,,
,,,,,,,,,,,,
,,,,,,,,,,,,
,,,,,,,,,,,,
,,,,,,,,,,,,
,,,,,,,,,,,,
,,,,,,,,,,,,
,,,,,,,,,,,,
,,,,,,,,,,,,
,,,,,,,,,,,,
,,,,,,,,,,,,
,,,,,,,,,,,,
,,,,,,,,,,,,
,,,,,,,,,,,,
,,,,,,,,,,,,
,,,,,,,,,,,,
,,,,,,,,,,,,
,,,,,,,,,,,,
,,,,,,,,,,,,
,,,,,,,,,,,,
,,,,,,,,,,,,
,,,,,,,,,,,,
,,,,,,,,,,,,
,,,,,,,,,,,,
,,,,,,,,,,,,
,,,,,,,,,,,,
,,,,,,,,,,,,
,,,,,,,,,,,,
,,,,,,,,,,,,
,,,,,,,,,,,,
,,,,,,,,,,,,
,,,,,,,,,,,,
,,,,,,,,,,,,
,,,,,,,,,,,,
,,,,,,,,,,,,
,,,,,,,,,,,,
,,,,,,,,,,,,
,,,,,,,,,,,,
,,,,,,,,,,,,
,,,,,,,,,,,,
,,,,,,,,,,,,
,,,,,,,,,,,,
,,,,,,,,,,,,
,,,,,,,,,,,,
,,,,,,,,,,,,
,,,,,,,,,,,,
,,,,,,,,,,,,
,,,,,,,,,,,,
,,,,,,,,,,,,
,,,,,,,,,,,,
,,,,,,,,,,,,
,,,,,,,,,,,,
,,,,,,,,,,,,
,,,,,,,,,,,,
,,,,,,,,,,,,
,,,,,,,,,,,,
,,,,,,,,,,,,
,,,,,,,,,,,,
,,,,,,,,,,,,
,,,,,,,,,,,,
,,,,,,,,,,,,
,,,,,,,,,,,,
,,,,,,,,,,,,
,,,,,,,,,,,,
,,,,,,,,,,,,
,,,,,,,,,,,,
,,,,,,,,,,,,
,,,,,,,,,,,,
,,,,,,,,,,,,
,,,,,,,,,,,,
,,,,,,,,,,,,
,,,,,,,,,,,,
,,,,,,,,,,,,
,,,,,,,,,,,,
,,,,,,,,,,,,
,,,,,,,,,,,,
,,,,,,,,,,,,
,,,,,,,,,,,,
,,,,,,,,,,,,
,,,,,,,,,,,,
,,,,,,,,,,,,
,,,,,,,,,,,,
,,,,,,,,,,,,
,,,,,,,,,,,,
,,,,,,,,,,,,
,,,,,,,,,,,,
