排名,BRAND,MODEL,detail,總分,price_分數,Wattage(W)_分數,Efficiency_分數,Connectors_分數,Compatibility_分數,FormFactor_分數,ATX_Version_分數
1,海韻,PRIME PX-2200 ATX3(2200W),AURA 雙8/金牌/全模組/ATX3.0PCIe 5.0)/10年保,1116.528571,737.4285714,378.5714286,0.042857143,0.085714286,0.114285714,0.142857143,0.142857143
2,全漢,HYDRO PTM PRO 1650W,雙8/白金/全模組/ATX3.0(PCIe 5.0)/10年保,1116.428571,737.4285714,378.5714286,0.042857143,0.042857143,0.057142857,0.142857143,0.142857143
3,全漢,MEGA TI 1650W(,雙8/白金/全模組/ATX3.0(PCIe 5.0)/10年保,1116.428571,737.4285714,378.5714286,0.042857143,0.042857143,0.057142857,0.142857143,0.142857143
4,Apexgaming(首利),ODIN 1650W,雙8/銅牌/主日系/DC-DC/5年保,1116.428571,737.4285714,378.5714286,0.042857143,0.042857143,0.057142857,0.142857143,0.142857143
5,華碩,ROG THOR 1600W,雙8/金牌/全模組/ATX3.1(PCIe 5.1)/主日系/5年保,1112.957143,737.4285714,375,0.042857143,0.085714286,0.114285714,0.142857143,0.142857143
6,海韻,PRIME TX-1600 ATX3.0(1600W),雙8/金牌/全模組/ATX3.1(PCIe 5.1)/主日系/5年保,1112.957143,737.4285714,375,0.042857143,0.085714286,0.114285714,0.142857143,0.142857143
7,華碩,ROG THOR III 1600W,雙8/白金/全模/ATX3.1(PCIe 5.1)/全日系/10年,1112.857143,737.4285714,375,0.042857143,0.042857143,0.057142857,0.142857143,0.142857143
8,XPG,FUSION 1600W,雙8/金牌/全模/ATX3.1(PCIe 5.1)/7年保,1112.857143,737.4285714,375,0.042857143,0.042857143,0.057142857,0.142857143,0.142857143
9,微星,MEG Ai1600T PCIE5 1600W,雙8/金牌/全模/ATX3.1(PCIe 5.1)/7年保,1112.857143,737.4285714,375,0.042857143,0.042857143,0.057142857,0.142857143,0.142857143
10,技嘉,GP-UD1600GM PG5(1600W),雙8/白金/ATX3.0(PCIe 5.0)/ARGB風扇/10年保【SFX-L規格】,1112.857143,737.4285714,375,0.042857143,0.042857143,0.057142857,0.142857143,0.142857143
11,NZXT,C1500(1500W),白色版 雙8/白金/ATX3.0(PCIe 5.0)/ARGB/10年保【SFX-L規格】,1098.571429,737.4285714,360.7142857,0.042857143,0.042857143,0.057142857,0.142857143,0.142857143
12,Apexgaming(首利),ODIN 1400W,雙8/白金/ATX3.0(PCIe 5.0)/ARGB風扇/10年保【SFX-L規格】,1084.285714,737.4285714,346.4285714,0.042857143,0.042857143,0.057142857,0.142857143,0.142857143
13,曜越,Toughpower GF3 1350W,雙8/鈦金/ATX3.1(PCIe 5.0)/ARGB風扇/10年保【SFX-L規格】,1077.185714,737.4285714,339.2857143,0.085714286,0.042857143,0.057142857,0.142857143,0.142857143
14,全漢,MEGA TI 1350W(,雙8/白金/全模/ATX3.0(PCIe 5.0)/全日系/10年【SFX】,1077.142857,737.4285714,339.2857143,0.042857143,0.042857143,0.057142857,0.142857143,0.142857143
15,Antec,NE1300G M ATX3.0(1300W),(850W) 白色 雙8/白金/全模/ATX3.0(PCIe 5.0)/10年【SFX】,1070.142857,737.4285714,332.1428571,0.085714286,0.085714286,0.114285714,0.142857143,0.142857143
16,海韻,PRIME TX-1300 ATX3.0(1300W),雙8/金牌/全模/全日系/DC-DC/10年保固【SFX規格】,1070.1,737.4285714,332.1428571,0.042857143,0.085714286,0.114285714,0.142857143,0.142857143
17,振華,LEADEX VII 1300W,ATX3.0(PCIe 5.0) 雙8/金牌/全模/主日系/10年保【SFX規格】,1070.042857,737.4285714,332.1428571,0.085714286,0.042857143,0.057142857,0.142857143,0.142857143
18,台達,超實在 1300W,ATX3.0(PCIe 5.0) 雙8/金牌/全模/主日系/10年保【SFX規格】,1070,737.4285714,332.1428571,0.042857143,0.042857143,0.057142857,0.142857143,0.142857143
19,酷碼,X Silent Max Platinum 1300W,ATX3.0(PCIe 5.0) 白色/雙8/金牌/全模/主日系/10年保【SFX規格】,1070,737.4285714,332.1428571,0.042857143,0.042857143,0.057142857,0.142857143,0.142857143
20,Antec,Signature 1300W,銅牌/5年保 (ST30SF.V2.0)【SFX規格】,1070,737.4285714,332.1428571,0.042857143,0.042857143,0.057142857,0.142857143,0.142857143
21,XPG,CYBERCORE II 1300W,銅牌/5年保 (ST45SF.V3.0)【SFX規格】,1070,737.4285714,332.1428571,0.042857143,0.042857143,0.057142857,0.142857143,0.142857143
22,微星,MEG Ai1300P PCIE5 1300W,雙8/金牌/全模組/全日系/5年保【SFX規格】,1070,737.4285714,332.1428571,0.042857143,0.042857143,0.057142857,0.142857143,0.142857143
23,聯力,EDGE 1300W,ATX3.1 黑色 雙8/金牌/全模組(PCIe 5.1)/10年【SFX規格】,1070,737.4285714,332.1428571,0.042857143,0.042857143,0.057142857,0.142857143,0.142857143
24,微星,MAG A1250GL PCIE5 1250W,ATX3.1 白色 雙8/金牌/全模組(PCIe 5.1)/10年【SFX規格】,1062.9,737.4285714,325,0.085714286,0.042857143,0.057142857,0.142857143,0.142857143
25,微星,MPG A1250GS PCIE5 1250W,雙8/白金/全模組/ATX3.0(PCIe 5.0)/10年保【SFX規格】,1062.9,737.4285714,325,0.085714286,0.042857143,0.057142857,0.142857143,0.142857143
26,華碩,TUF GAMING 1200W,雙8/白金/ATX3.0(PCIe 5.0)/ARGB風扇/10年保【SFX-L規格】,1055.757143,737.4285714,317.8571429,0.085714286,0.042857143,0.057142857,0.142857143,0.142857143
27,Montech,CENTURY II 1200W,白色版 雙8/白金/ATX3.0(PCIe 5.0)/ARGB/10年保【SFX-L規格】,1055.757143,737.4285714,317.8571429,0.085714286,0.042857143,0.057142857,0.142857143,0.142857143
28,Montech,TITAN GOLD 1200W,雙8/白金/ATX3.0(PCIe 5.0)/ARGB風扇/10年保【SFX-L規格】,1055.757143,737.4285714,317.8571429,0.085714286,0.042857143,0.057142857,0.142857143,0.142857143
29,保銳,PlatiGemini 1200W,雙8/鈦金/ATX3.1(PCIe 5.0)/ARGB風扇/10年保【SFX-L規格】,1055.757143,737.4285714,317.8571429,0.042857143,0.085714286,0.057142857,0.142857143,0.142857143
30,全漢,HYDRO G PRO 1200W,銅牌/直出線/雙滾珠風扇/防潮塗層/6年保,1055.757143,737.4285714,317.8571429,0.085714286,0.042857143,0.057142857,0.142857143,0.142857143
31,XPG,CORE REACTOR II 1200W,銅牌/直出線/雙滾珠風扇/防潮塗層/6年保,1055.757143,737.4285714,317.8571429,0.085714286,0.042857143,0.057142857,0.142857143,0.142857143
32,曜越,Toughpower GF3 1200W,雙8/銅牌/直出線/雙滾珠風扇/防潮塗層/6年保,1055.757143,737.4285714,317.8571429,0.085714286,0.042857143,0.057142857,0.142857143,0.142857143
33,NZXT,C1200(1200W),銅牌/直出線/雙滾珠風扇/壓紋線材/6年保,1055.757143,737.4285714,317.8571429,0.085714286,0.042857143,0.057142857,0.142857143,0.142857143
34,華碩,ROG LOKI 1200W,銅牌/直出線/雙滾珠風扇/壓紋線材/6年保,1055.714286,737.4285714,317.8571429,0.042857143,0.042857143,0.057142857,0.142857143,0.142857143
35,華碩,ROG STRIX 1200W,雙8/銅牌/直出線/雙滾珠風扇/壓紋線材/6年保,1055.714286,737.4285714,317.8571429,0.042857143,0.042857143,0.057142857,0.142857143,0.142857143
36,華碩,ROG THOR III 1200W,白色版 雙8/銅牌/直出線/雙滾珠風扇/壓紋線材/6年保,1055.714286,737.4285714,317.8571429,0.042857143,0.042857143,0.057142857,0.142857143,0.142857143
37,美洲獅,COUGAR POLAR X2 1200W,Gold 雙8/金牌/全模組/ATX3.0(PCIe 5.0)/雙滾珠風扇/8年保,1055.714286,737.4285714,317.8571429,0.042857143,0.042857143,0.057142857,0.142857143,0.142857143
38,Montech,TITAN PLA 1200W,Gold 雙8/金牌/全模組/ATX3.0(PCIe 5.0)/雙滾珠風扇/8年保,1055.714286,737.4285714,317.8571429,0.042857143,0.042857143,0.057142857,0.142857143,0.142857143
39,全漢,HYDRO PTM X PRO 1200W,Gold 雙8/金牌/全模組/ATX3.0(PCIe 5.0)/防潮塗層/10年保,1055.714286,737.4285714,317.8571429,0.042857143,0.042857143,0.057142857,0.142857143,0.142857143
40,全漢,HYDRO PTM+ 1200W,Gold 雙8/金牌/全模組/ATX3.0(PCIe 5.0)/防潮塗層/10年保,1055.714286,737.4285714,317.8571429,0.042857143,0.042857143,0.057142857,0.142857143,0.142857143
41,Apexgaming(首利),ODIN 1200W,Gold 雙8/金牌/全模組/ATX3.0(PCIe 5.0)/防潮塗層/10年保,1055.714286,737.4285714,317.8571429,0.042857143,0.042857143,0.057142857,0.142857143,0.142857143
42,振華,LEADEX VII PRO 1200W,Gold 白色版 雙8/金牌/全模組/ATX3.0(PCIe 5.0)/10年保,1055.714286,737.4285714,317.8571429,0.042857143,0.042857143,0.057142857,0.142857143,0.142857143
43,酷碼,V SFX Platinum 1100W,Gold 雙8/金牌/全模組/ATX3.0(雙PCIe 5.0)/防潮塗層/10年保,1041.485714,737.4285714,303.5714286,0.042857143,0.042857143,0.114285714,0.142857143,0.142857143
44,台達,超實在 1100W,AURA 雙8/金牌/全模組/ATX3.0(PCIe 5.0)/10年保,1041.428571,737.4285714,303.5714286,0.042857143,0.042857143,0.057142857,0.142857143,0.142857143
45,華碩,ROG THOR III 1000W,AURA 雙8/金牌/全模組/ATX3.0(PCIe 5.0)/10年保,1041.428571,737.4285714,303.5714286,0.042857143,0.042857143,0.057142857,0.142857143,0.142857143
46,Montech,CENTURY II 1050W,雙8/白金/全模組/ATX3.1(PCIe 5.1)/智慧停轉/10年保,1034.328571,737.4285714,296.4285714,0.085714286,0.042857143,0.057142857,0.142857143,0.142857143
47,酷碼,GX III GOLD 1050W,雙8/白金/全模組/ATX3.1(PCIe 5.1)/智慧停轉/10年保,1034.328571,737.4285714,296.4285714,0.085714286,0.042857143,0.057142857,0.142857143,0.142857143
48,美洲獅,COUGAR POLAR X2 1050W,白色版 雙8/白金/全模組/ATX3.1(PCIe 5.1)/智慧停轉/10年保,1034.285714,737.4285714,296.4285714,0.042857143,0.042857143,0.057142857,0.142857143,0.142857143
49,Antec,NE1000G M ATX3.0(1000W),雙8/白金/全模組/ATX3.1(PCIe 5.1)/智慧停轉/10年保,1027.285714,737.4285714,289.2857143,0.085714286,0.085714286,0.114285714,0.142857143,0.142857143
50,華碩,ROG LOKI 1000W,雙8/白金/全模組/OLED監控/ATX3.1(PCIe 5.1)/10年保,1027.2,737.4285714,289.2857143,0.042857143,0.042857143,0.114285714,0.142857143,0.142857143
51,華碩,TUF GAMING 1000W,雙8/白金/全模組/OLED監控/ATX3.1(PCIe 5.1)/10年保,1027.185714,737.4285714,289.2857143,0.085714286,0.042857143,0.057142857,0.142857143,0.142857143
52,海韻,FOCUS GX-1000 ATX3(1000W),雙8/鈦金/PCIe 5.0(轉接)/全模組/OLED監控/10年,1027.185714,737.4285714,289.2857143,0.085714286,0.042857143,0.057142857,0.142857143,0.142857143
53,海韻,VERTEX GX-1000(1000W),雙8/鈦金/全模組/OLED監控/ATX3.1(雙PCIe 5.1)/10年保,1027.185714,737.4285714,289.2857143,0.085714286,0.042857143,0.057142857,0.142857143,0.142857143
54,美洲獅,COUGAR GLE 1000W,銅牌/智慧溫控風扇/5年保,1027.185714,737.4285714,289.2857143,0.085714286,0.042857143,0.057142857,0.142857143,0.142857143
55,Montech,TITAN GOLD 1000W,銅牌/智慧溫控風扇/5年保,1027.185714,737.4285714,289.2857143,0.085714286,0.042857143,0.057142857,0.142857143,0.142857143
56,全漢,VITA GM 1000W(,金牌/智慧溫控風扇/5年保,1027.185714,737.4285714,289.2857143,0.085714286,0.042857143,0.057142857,0.142857143,0.142857143
57,XPG,CORE REACTOR II 1000W,雙8/金牌/全模組/ATX3.1(PCIe 5.1)10年保,1027.185714,737.4285714,289.2857143,0.085714286,0.042857143,0.057142857,0.142857143,0.142857143
58,微星,MAG A1000GL PCIE5 1000W,雙8/金牌/全模組/ATX3.1(PCIe 5.1)10年保,1027.185714,737.4285714,289.2857143,0.085714286,0.042857143,0.057142857,0.142857143,0.142857143
59,微星,MAG A1000GLS PCIE5 1000W,雙8/金牌/全模組/ATX3.1(PCIe 5.1)10年保,1027.185714,737.4285714,289.2857143,0.085714286,0.042857143,0.057142857,0.142857143,0.142857143
60,微星,MPG A1000G PCIE5 1000W,白色版 雙8/金牌/全模組/ATX3.1(PCIe 5.1)10年,1027.185714,737.4285714,289.2857143,0.085714286,0.042857143,0.057142857,0.142857143,0.142857143
61,微星,MPG A1000GS PCIE5 1000W,白色版 雙8/金牌/全模組/ATX3.1(PCIe 5.1)10年,1027.185714,737.4285714,289.2857143,0.085714286,0.042857143,0.057142857,0.142857143,0.142857143
62,曜越,Toughpower GF3 1000W,白色版 雙8/金牌/全模組/ATX3.1(PCIe 5.1)10年,1027.185714,737.4285714,289.2857143,0.085714286,0.042857143,0.057142857,0.142857143,0.142857143
63,振華,LEADEX III 1000W,雙8/金牌/全模組/10年保,1027.185714,737.4285714,289.2857143,0.085714286,0.042857143,0.057142857,0.142857143,0.142857143
64,技嘉,GP-UD1000GM PG5 2.0(1000W),雙8/金牌/全模組/10年保,1027.185714,737.4285714,289.2857143,0.085714286,0.042857143,0.057142857,0.142857143,0.142857143
65,技嘉,GP-UD1000GM PG5 V2 ICE(1000W),雙8/金牌/全模組/10年保,1027.185714,737.4285714,289.2857143,0.085714286,0.042857143,0.057142857,0.142857143,0.142857143
66,NZXT,C1000(1000W),雙8/金牌/全模組/10年保,1027.185714,737.4285714,289.2857143,0.085714286,0.042857143,0.057142857,0.142857143,0.142857143
67,華碩,ROG STRIX 1000W,雙8/金牌/全模組/ATX3.1(PCIe 5.1)10年保,1027.142857,737.4285714,289.2857143,0.042857143,0.042857143,0.057142857,0.142857143,0.142857143
68,Montech,TITAN PLA 1000W,白色版 雙8/金牌/全模組/ATX3.1(PCIe 5.1)10年保,1027.142857,737.4285714,289.2857143,0.042857143,0.042857143,0.057142857,0.142857143,0.142857143
69,Antec,Signature 1000W,雙8/金牌/全模組/ATX3.1(PCIe 5.1)10年保,1027.142857,737.4285714,289.2857143,0.042857143,0.042857143,0.057142857,0.142857143,0.142857143
70,全漢,HYDRO PTM X PRO 1000W,白色版 雙8/金牌/全模組/ATX3.1(PCIe 5.1)10年保,1027.142857,737.4285714,289.2857143,0.042857143,0.042857143,0.057142857,0.142857143,0.142857143
71,全漢,HYDRO Ti PRO 1000W,雙8/金牌/全模組/ATX3.1(PCIe 5.1)10年保,1027.142857,737.4285714,289.2857143,0.042857143,0.042857143,0.057142857,0.142857143,0.142857143
72,XPG,CYBERCORE II 1000W,白色版 雙8/金牌/全模組/ATX3.1(PCIe 5.1)10年保,1027.142857,737.4285714,289.2857143,0.042857143,0.042857143,0.057142857,0.142857143,0.142857143
73,Apexgaming,GTR Plus-1000MW(1000W),雙8/金牌/全模組/ATX3.0(PCIe 5.0)/12年保,1027.142857,737.4285714,289.2857143,0.042857143,0.042857143,0.057142857,0.142857143,0.142857143
74,振華,LEADEX VII PRO 1000W,雙8/白金/全模組/4*PCIe 5.1/12年保(限220V H型插座),1027.142857,737.4285714,289.2857143,0.042857143,0.042857143,0.057142857,0.142857143,0.142857143
75,技嘉,AORUS ELITE 1000W,雙8/鈦金/全模組/PCIe 5.0/12年保,1027.142857,737.4285714,289.2857143,0.042857143,0.042857143,0.057142857,0.142857143,0.142857143
76,聯力,EDGE 1000W,雙8/鈦金/全模組/雙PCIe 5.0/12年保,1027.142857,737.4285714,289.2857143,0.042857143,0.042857143,0.057142857,0.142857143,0.142857143
77,全漢,金鋼彈 850W,雙8/銅牌/DC-DC/5年保固/3年換新/GPS-650FB A,1005.814286,737.4285714,267.8571429,0.085714286,0.042857143,0.114285714,0.142857143,0.142857143
78,華碩,ROG LOKI 850W,雙8/白金/全模組/ATX3.0(PCIe 5.0)/10年保,1005.771429,737.4285714,267.8571429,0.042857143,0.042857143,0.114285714,0.142857143,0.142857143
79,Apexgaming,KR-850MW(850W),雙8/白金/全模組/ATX3.0(PCIe 5.0)/10年保,1005.771429,737.4285714,267.8571429,0.042857143,0.042857143,0.114285714,0.142857143,0.142857143
80,酷碼,V SFX GOLD 850W,銅牌/主日系/DC-DC/5年保,1005.757143,737.4285714,267.8571429,0.085714286,0.042857143,0.057142857,0.142857143,0.142857143
81,華碩,TUF GAMING 850W,雙8/銅牌/主日系/DC-DC/5年保,1005.757143,737.4285714,267.8571429,0.085714286,0.042857143,0.057142857,0.142857143,0.142857143
82,海韻,CORE GX-850 ATX3(850W),雙8/銅牌/主日系/DC-DC/5年保,1005.757143,737.4285714,267.8571429,0.085714286,0.042857143,0.057142857,0.142857143,0.142857143
83,海韻,FOCUS GX-850 ATX3(850W),雙8/金牌/全模組/ATX3.1(PCIe 5.1)/主日系/5年保,1005.757143,737.4285714,267.8571429,0.085714286,0.042857143,0.057142857,0.142857143,0.142857143
84,保銳,Revolution D.F.12 850W,雙8/金牌/全模組/ATX3.1(PCIe 5.1)/主日系/5年保,1005.757143,737.4285714,267.8571429,0.085714286,0.042857143,0.057142857,0.142857143,0.142857143
85,Antec,GSK 850W,雙8/金牌/全模組/ATX3.1(PCIe 5.1)/10年保,1005.757143,737.4285714,267.8571429,0.085714286,0.042857143,0.057142857,0.142857143,0.142857143
86,全漢,HYDRO G PRO 850W,雙8/金牌/全模組/ATX3.1(PCIe 5.1)/全日系/10年,1005.757143,737.4285714,267.8571429,0.085714286,0.042857143,0.057142857,0.142857143,0.142857143
87,全漢,VITA GM 850W(,雙8/白金/全模組/ATX3.1(PCIe 5.0)/全日系/10年,1005.757143,737.4285714,267.8571429,0.085714286,0.042857143,0.057142857,0.142857143,0.142857143
88,全漢,VITA GM 850W,雙8/白金/全模組/ATX3.1(PCIe 5.0)/全日系/10年,1005.757143,737.4285714,267.8571429,0.085714286,0.042857143,0.057142857,0.142857143,0.142857143
89,XPG,CORE REACTOR II 850W,/銅牌/主日系/5年保,1005.757143,737.4285714,267.8571429,0.085714286,0.042857143,0.057142857,0.142857143,0.142857143
90,微星,MAG A850GL PCIE5 WHITE 850W(,雙8/金牌/全日系/LLC+DC-DC/5年保,1005.757143,737.4285714,267.8571429,0.085714286,0.042857143,0.057142857,0.142857143,0.142857143
91,微星,MAG A850GLS PCIE5 850W,雙8/金牌/全日系/LLC+DC-DC/5年保,1005.757143,737.4285714,267.8571429,0.085714286,0.042857143,0.057142857,0.142857143,0.142857143
92,微星,MPG A850GS PCIE5 850W,雙8/金牌/全日系/LLC+DC-DC/5年保,1005.757143,737.4285714,267.8571429,0.085714286,0.042857143,0.057142857,0.142857143,0.142857143
93,技嘉,GP-UD850GM PG5 V2(850W),雙8/金牌/全模組/全日系/FDB軸承風扇/10年保,1005.757143,737.4285714,267.8571429,0.085714286,0.042857143,0.057142857,0.142857143,0.142857143
94,技嘉,GP-UD850GM PG5 V2 ICE(850W),雙8/金牌/全模組/全日系/FDB軸承風扇/10年保,1005.757143,737.4285714,267.8571429,0.085714286,0.042857143,0.057142857,0.142857143,0.142857143
95,華碩,ROG STRIX 850W,雙8/金牌/全模/ATX3.1(PCIe 5.1)/全日系/智慧停轉/10年,1005.714286,737.4285714,267.8571429,0.042857143,0.042857143,0.057142857,0.142857143,0.142857143
96,Montech,TITAN PLA 850W,雙8/金牌/全模/ATX3.1(PCIe 5.1)/全日系/智慧停轉/10年,1005.714286,737.4285714,267.8571429,0.042857143,0.042857143,0.057142857,0.142857143,0.142857143
97,銀欣,HELA 850R Platinum(850W),雙8/金牌/全模/ATX3.1(PCIe 5.1)/全日系/智慧停轉/10年,1005.714286,737.4285714,267.8571429,0.042857143,0.042857143,0.057142857,0.142857143,0.142857143
98,振華,LEADEX VII PRO 850W,雙8/金牌/全模/ATX3.0(PCIe 5.0)/全日系/智慧停轉/10年,1005.714286,737.4285714,267.8571429,0.042857143,0.042857143,0.057142857,0.142857143,0.142857143
99,聯力,EDGE 850W,雙8/金牌/全模/ATX3.0(PCIe 5.0)/全日系/智慧停轉/10年,1005.714286,737.4285714,267.8571429,0.042857143,0.042857143,0.057142857,0.142857143,0.142857143
100,美洲獅,COUGAR GEX PRO 850W,雙8/金牌/全模/ATX3.0(PCIe 5.0)/全日系/智慧停轉/10年,994.1857143,725.8571429,267.8571429,0.085714286,0.042857143,0.057142857,0.142857143,0.142857143
101,Montech,TITAN GOLD 850W,雙8/金牌/全模/ATX3.0(PCIe 5.0)/全日系/智慧停轉/10年,994.1857143,725.8571429,267.8571429,0.085714286,0.042857143,0.057142857,0.142857143,0.142857143
102,銀欣,DA850R Gold(850W),白色 雙8/白金/全模/ATX3.1(PCIe 5.1)/智慧停轉/10年,994.1857143,725.8571429,267.8571429,0.085714286,0.042857143,0.057142857,0.142857143,0.142857143
103,振華,COMBAT FG 850W,白色 雙8/白金/全模/ATX3.1(PCIe 5.1)/智慧停轉/10年,994.1857143,725.8571429,267.8571429,0.085714286,0.042857143,0.057142857,0.142857143,0.142857143
104,全漢,金鋼彈 750W,白色 雙8/白金/全模/ATX3.1(PCIe 5.1)/智慧停轉/10年,991.5285714,737.4285714,253.5714286,0.085714286,0.042857143,0.114285714,0.142857143,0.142857143
105,海韻,FOCUS GX-750 ATX3(750W),白色 雙8/白金/全模/ATX3.1(PCIe 5.1)/智慧停轉/10年,991.4714286,737.4285714,253.5714286,0.085714286,0.042857143,0.057142857,0.142857143,0.142857143
106,微星,MAG A750GLS PCIE5 750W,銅牌/5年保 (ST45SF.V3.0)【SFX規格】,991.4714286,737.4285714,253.5714286,0.085714286,0.042857143,0.057142857,0.142857143,0.142857143
107,Montech,TITAN PLA 750W,雙8/金牌/全模組/全日系/5年保【SFX規格】,991.4285714,737.4285714,253.5714286,0.042857143,0.042857143,0.057142857,0.142857143,0.142857143
108,Apexgaming,GTR Plus-1000M(1000W),銅牌/直出線/5年保(ET450-B),987,697.2857143,289.2857143,0.042857143,0.042857143,0.057142857,0.142857143,0.142857143
109,銀欣,SX700-G(700W),雙8/銅牌/直出線/扁平線/5年保(ET650-B),984.3285714,737.4285714,246.4285714,0.085714286,0.042857143,0.057142857,0.142857143,0.142857143
110,Apexgaming,KR-750M(750W),白 雙8/銅牌/直出線/扁平線/主日系/ATX3.1/5年保,979.9142857,725.8571429,253.5714286,0.042857143,0.042857143,0.114285714,0.142857143,0.142857143
111,華碩,ROG STRIX 750W,黑 雙8/銅牌/直出線/扁平線/主日系/ATX3.1/5年保,979.9,725.8571429,253.5714286,0.085714286,0.042857143,0.057142857,0.142857143,0.142857143
112,華碩,PRIME 850W,雙8/金牌/直出線/主日系/ATX3.1(PCIe 5.1)/5年,979.9,711.5714286,267.8571429,0.085714286,0.042857143,0.057142857,0.142857143,0.142857143
113,海韻,FOCUS GX-850(850W),雙8/金牌/直出線/主日系/ATX3.1(PCIe 5.1)/5年,979.9,711.5714286,267.8571429,0.085714286,0.042857143,0.057142857,0.142857143,0.142857143
114,酷碼,GX II GOLD 850W,雙8/金牌/直出線/主日系/ATX3.1(PCIe 5.1)/5年,979.9,711.5714286,267.8571429,0.085714286,0.042857143,0.057142857,0.142857143,0.142857143
115,曜越,Toughpower GF A3 850W,黑色 雙8/金牌/全模組/主日系/ATX3.0(PCIe 5.0)/5年,979.9,711.5714286,267.8571429,0.085714286,0.042857143,0.057142857,0.142857143,0.142857143
116,振華,LEADEX III 850W,白色 雙8/金牌/全模組/主日系/ATX3.0(PCIe 5.0)/5年,979.9,711.5714286,267.8571429,0.085714286,0.042857143,0.057142857,0.142857143,0.142857143
117,Antec,HCG1000(1000W),黑色 雙8/金牌/全模組/主日系/ATX3.0(PCIe 5.0)/5年,972.7571429,683,289.2857143,0.085714286,0.042857143,0.057142857,0.142857143,0.142857143
118,華碩,TUF GAMING 750W,白色 雙8/金牌/全模組/主日系/ATX3.0(PCIe 5.0)/5年,965.6142857,711.5714286,253.5714286,0.085714286,0.042857143,0.057142857,0.142857143,0.142857143
119,全漢,VITA GM 750W(,雙8/白金/全模組/全日系/ATX3.0(PCIe 5.0)/5年保,965.6142857,711.5714286,253.5714286,0.085714286,0.042857143,0.057142857,0.142857143,0.142857143
120,darkFlash,PMT850(850W),ATX3.1 白色 雙8/金牌/全模組(PCIe 5.1)/10年【SFX規格】,965.6142857,697.2857143,267.8571429,0.085714286,0.042857143,0.057142857,0.142857143,0.142857143
121,振華,COMBAT FG 750W,雙8/白金/全模組/ATX3.0(PCIe 5.0)/10年保【SFX規格】,964.1857143,710.1428571,253.5714286,0.085714286,0.042857143,0.057142857,0.142857143,0.142857143
122,海韻,CORE GX-750 ATX3(750W),E BRONZE V2 450W 銅牌/DC-DC+LLC/5年保/2020年版,951.3285714,697.2857143,253.5714286,0.085714286,0.042857143,0.057142857,0.142857143,0.142857143
123,技嘉,GP-UD750GM PG5 V2 ICE(750W),E GOLD V3 550W 黑色 雙8/金牌/直出線/ATX3.1/5年,951.3285714,697.2857143,253.5714286,0.085714286,0.042857143,0.057142857,0.142857143,0.142857143
124,XPG,CORE REACTOR II VE 850W,E GOLD V3 550W 白色 雙8/金牌/直出線/ATX3.1/5年,937.0428571,668.7142857,267.8571429,0.085714286,0.042857143,0.057142857,0.142857143,0.142857143
125,Montech,TITAN GOLD 750W,E GOLD V3 650W 黑色 雙8/金牌/直出線/ATX3.1/5年,937.0428571,683,253.5714286,0.085714286,0.042857143,0.057142857,0.142857143,0.142857143
126,XPG,CORE REACTOR II 750W,E GOLD V3 650W 白色 雙8/金牌/直出線/ATX3.1/5年,937.0428571,683,253.5714286,0.085714286,0.042857143,0.057142857,0.142857143,0.142857143
127,微星,MAG A850GL PCIE5 850W,E GOLD V3 750W 黑色 雙8/金牌/直出線/ATX3.1(PCIe 5.1)/5年,937.0428571,668.7142857,267.8571429,0.085714286,0.042857143,0.057142857,0.142857143,0.142857143
128,微星,MAG A650GLS PCIE5 650W,E GOLD V3 750W 白色 雙8/金牌/直出線/ATX3.1(PCIe 5.1)/5年,937.0428571,697.2857143,239.2857143,0.085714286,0.042857143,0.057142857,0.142857143,0.142857143
129,九州風神,PN850M WH(850W),E GOLD V3 850W 黑色 雙8/金牌/直出線/ATX3.1(PCIe 5.1)/5年,937.0428571,668.7142857,267.8571429,0.085714286,0.042857143,0.057142857,0.142857143,0.142857143
130,技嘉,GP-UD750GM PG5 V2(750W),E GOLD V3 850W 白色 雙8/金牌/直出線/ATX3.1(PCIe 5.1)/5年,937.0428571,683,253.5714286,0.085714286,0.042857143,0.057142857,0.142857143,0.142857143
131,全漢,HYDRO PTM PRO 1350W,雙8/金牌/全模組/ATX3.1(PCIe 5.1垂直線)/主日系/10年,927.1428571,737.4285714,189.2857143,0.042857143,0.042857143,0.057142857,0.142857143,0.142857143
132,保銳,Revolution III 850W,雙8/金牌/全模組/ATX3.1(PCIe 5.1垂直線)/主日系/10年,922.8,654.4285714,267.8571429,0.085714286,0.085714286,0.057142857,0.142857143,0.142857143
133,銀欣,DA750R Gold(750W),雙8/金牌/全模組/ATX3.0(PCIe 5.0垂直線)/陽極散熱塗層/10年,922.7571429,668.7142857,253.5714286,0.085714286,0.042857143,0.057142857,0.142857143,0.142857143
134,酷碼,GX II GOLD 750W,/白金/全模組/數位靜音電源/ATX3.1(PCIe 5.0)/15年,922.7571429,668.7142857,253.5714286,0.085714286,0.042857143,0.057142857,0.142857143,0.142857143
135,Antec,GSK 750W,/雙8/銅牌/直出扁線/主日系/5年,922.7571429,668.7142857,253.5714286,0.085714286,0.042857143,0.057142857,0.142857143,0.142857143
136,九州風神,PN850M(850W),ATX 3.1 雙8/金牌/直出扁線/全日系/7年,922.7571429,654.4285714,267.8571429,0.085714286,0.042857143,0.057142857,0.142857143,0.142857143
137,Apexgaming,GTR-850MW(850W),ATX 3.1 雙8/金牌/直出扁線(PCIe 5.1)/全日系/7年,922.7571429,654.4285714,267.8571429,0.085714286,0.042857143,0.057142857,0.142857143,0.142857143
138,華碩,PRIME 750W,ATX 3.1 雙8/金牌/直出扁線(PCIe 5.1)/全日系/7年,908.4714286,654.4285714,253.5714286,0.085714286,0.042857143,0.057142857,0.142857143,0.142857143
139,曜越,Toughpower GF A3 750W,ATX 3.1 雙8/金牌/全模組(PCIe 5.1)/全日系/10年,908.4714286,654.4285714,253.5714286,0.085714286,0.042857143,0.057142857,0.142857143,0.142857143
140,darkFlash,PMT750(750W),ATX 3.1 雙8/金牌/全模組(PCIe 5.1)/全日系/10年,908.4714286,654.4285714,253.5714286,0.085714286,0.042857143,0.057142857,0.142857143,0.142857143
141,振華,LEADEX III 750W,ATX 3.1 雙8/金牌/全模組(PCIe 5.1)/全日系/10年,908.4714286,654.4285714,253.5714286,0.085714286,0.042857143,0.057142857,0.142857143,0.142857143
142,Montech,CENTURY II 850W,/雙8/金牌/全模/超短機身/ATX3.1(PCIe 5.1)/全日系/10年,908.4714286,640.1428571,267.8571429,0.085714286,0.042857143,0.057142857,0.142857143,0.142857143
143,Antec,NE850GM(850W),白色/雙8/金牌/全模/超短機身/ATX3.1(PCIe 5.1)/全日系/10年,908.4714286,640.1428571,267.8571429,0.085714286,0.042857143,0.057142857,0.142857143,0.142857143
144,Antec,HCG850(850W),ATX 3.1 雙8/白金/符合ATX12VO/全模組(PCIe 5.1)/全日系/10年,908.4714286,640.1428571,267.8571429,0.085714286,0.042857143,0.057142857,0.142857143,0.142857143
145,曜越,Toughpower GF 850W,銅牌/直出線/靜音風扇/DC-DC/5年保,908.4714286,640.1428571,267.8571429,0.085714286,0.042857143,0.057142857,0.142857143,0.142857143
146,振華,COMBAT SG 850W,雙8/銅牌/半模組/靜音風扇/5年保,908.4714286,640.1428571,267.8571429,0.085714286,0.042857143,0.057142857,0.142857143,0.142857143
147,海韻,CORE GX-650 ATX3(650W),白色 雙8/銅牌/直出線/PCIe 5.1/DC-DC/5年保,894.1857143,654.4285714,239.2857143,0.085714286,0.042857143,0.057142857,0.142857143,0.142857143
148,全漢,VITA GM 650W(,雙8/金牌/全模/ATX3.1(PCIe 5.1)/智慧溫控風扇/7年保,894.1857143,654.4285714,239.2857143,0.085714286,0.042857143,0.057142857,0.142857143,0.142857143
149,美洲獅,COUGAR GR 850W,雙8/金牌/全模/ATX3.1(PCIe 5.1)/智慧溫控風扇/7年保,894.1857143,625.8571429,267.8571429,0.085714286,0.042857143,0.057142857,0.142857143,0.142857143
150,海韻,FOCUS GX-750(750W),白色 雙8/金牌/全模/ATX3.1(PCIe 5.1)/智慧溫控風扇/7年保,894.1857143,640.1428571,253.5714286,0.085714286,0.042857143,0.057142857,0.142857143,0.142857143
151,Apexgaming,GTR-850M(850W),雙8/金牌/全模/全日系/智慧溫控風扇/10年保,894.1857143,625.8571429,267.8571429,0.085714286,0.042857143,0.057142857,0.142857143,0.142857143
152,微星,MAG A750GL PCIE5 750W,雙8/金牌/全模/全日系/智慧溫控風扇/10年保,879.9,625.8571429,253.5714286,0.085714286,0.042857143,0.057142857,0.142857143,0.142857143
153,九州風神,PN850D(850W),雙8/金牌/全模/全日系/智慧溫控風扇/10年保,879.9,611.5714286,267.8571429,0.085714286,0.042857143,0.057142857,0.142857143,0.142857143
154,利民,Thermalright SG-850(850W),白色(黑色線材) 雙8/金牌/全模/全日系/智慧溫控風扇/10年保,879.9,611.5714286,267.8571429,0.085714286,0.042857143,0.057142857,0.142857143,0.142857143
155,保銳,Revolution III 750W,雙8/金牌/全模/PCIe 5.0/全日系/10年保,865.6571429,611.5714286,253.5714286,0.085714286,0.085714286,0.057142857,0.142857143,0.142857143
156,XPG,CORE REACTOR II VE 750W,白色 雙8/金牌/全模/PCIe 5.0/全日系/10年保,865.6142857,611.5714286,253.5714286,0.085714286,0.042857143,0.057142857,0.142857143,0.142857143
157,Antec,NE750GM(750W),雙8/金牌/全模/PCIe 5.0/全日系/10年保,865.6142857,611.5714286,253.5714286,0.085714286,0.042857143,0.057142857,0.142857143,0.142857143
158,九州風神,PN750M(750W),雙8/金牌/全模/全日系/智慧溫控風扇/10年保,865.6142857,611.5714286,253.5714286,0.085714286,0.042857143,0.057142857,0.142857143,0.142857143
159,Apexgaming,GTR-750MW(750W),雙8/金牌/全模/全日系/智慧溫控風扇/10年保 送12+4pin模組線！,865.6142857,611.5714286,253.5714286,0.085714286,0.042857143,0.057142857,0.142857143,0.142857143
160,全漢,金鋼彈 650W,雙8/白金/全模/全日系/可串接設計/10年保 送12+4pin模組線！,865.6142857,625.8571429,239.2857143,0.085714286,0.042857143,0.057142857,0.142857143,0.142857143
161,全漢,VITA GD 850W(,雙8/白金/全模/全日系/可串接設計/10年保 送12+4pin模組線！,865.6142857,597.2857143,267.8571429,0.085714286,0.042857143,0.057142857,0.142857143,0.142857143
162,XPG,KYBER 850W,雙8/鈦金/全模/全日系/可串接設計/10年保 送12+4pin模組線！,865.6142857,597.2857143,267.8571429,0.085714286,0.042857143,0.057142857,0.142857143,0.142857143
163,BitFenix,WHISPER 850W,ATX3.0(PCIe 5.0) 雙8/金牌/全模/主日系/10年保【SFX規格】,851.3285714,583,267.8571429,0.085714286,0.042857143,0.057142857,0.142857143,0.142857143
164,振華,COMBAT FG 650W,ATX3.0(PCIe 5.0) 雙8/金牌/全模/主日系/10年保【SFX規格】,851.3285714,611.5714286,239.2857143,0.085714286,0.042857143,0.057142857,0.142857143,0.142857143
165,Apexgaming,GTR-750M(750W),ATX3.0(PCIe 5.0) 白色/雙8/金牌/全模/主日系/10年保【SFX規格】,851.3285714,597.2857143,253.5714286,0.085714286,0.042857143,0.057142857,0.142857143,0.142857143
166,振華,COMBAT SG 750W,/銅牌/鐵殼色無烤漆/台灣製造/ATX3.0/5年保,851.3285714,597.2857143,253.5714286,0.085714286,0.042857143,0.057142857,0.142857143,0.142857143
167,美洲獅,COUGAR GR 750W,/銅牌/全日系/DC-DC/5年保,837.0428571,583,253.5714286,0.085714286,0.042857143,0.057142857,0.142857143,0.142857143
168,海韻,FOCUS GX-650(650W),雙8/銅牌/全日系/DC-DC/5年保,837.0428571,597.2857143,239.2857143,0.085714286,0.042857143,0.057142857,0.142857143,0.142857143
169,銀欣,Triton 850Rx(850W),雙8/銅牌/全日系/DC-DC/5年保,837.0428571,568.7142857,267.8571429,0.085714286,0.042857143,0.057142857,0.142857143,0.142857143
170,酷碼,MWE GOLD V3 850W,雙8/銅牌/主日系/ATX3.0(PCIe 5.0)/5年保,837.0428571,568.7142857,267.8571429,0.085714286,0.042857143,0.057142857,0.142857143,0.142857143
171,保銳,CyberG II 850W,ATX3.0(PCIe 5.0) 雙8/金牌/全模/全日系/防潮塗層/10年保,822.8,554.4285714,267.8571429,0.085714286,0.085714286,0.057142857,0.142857143,0.142857143
172,Montech,創世紀 CENTURY 650W,ATX3.0(PCIe 5.0) 雙8/金牌/全模/全日系/防潮塗層/10年保,822.7571429,583,239.2857143,0.085714286,0.042857143,0.057142857,0.142857143,0.142857143
173,曜越,Toughpower GF A3 650W,雙8/白金/全模/主日系/ATX3.0/雙PCIe5.1/防潮塗層/10年,822.7571429,583,239.2857143,0.085714286,0.042857143,0.057142857,0.142857143,0.142857143
174,九州風神,PN750D(750W),雙8/白金/全模/主日系/ATX3.0/雙PCIe5.1/防潮塗層/10年,822.7571429,568.7142857,253.5714286,0.085714286,0.042857143,0.057142857,0.142857143,0.142857143
175,保銳,Revolution III 650W,ATX3.0(PCIe 5.0) 雙8/白金/全模/全日系/短機身/10年,808.5142857,568.7142857,239.2857143,0.085714286,0.085714286,0.057142857,0.142857143,0.142857143
176,Montech,GAMMA II 750W,ATX3.0(PCIe 5.0) 雙8/白金/全模/全日系/短機身/10年,808.4714286,554.4285714,253.5714286,0.085714286,0.042857143,0.057142857,0.142857143,0.142857143
177,全漢,VITA GD 750W(,ATX3.0(PCIe 5.0) 白色/雙8/白金/全日系/短機身/10年,808.4714286,554.4285714,253.5714286,0.085714286,0.042857143,0.057142857,0.142857143,0.142857143
178,XPG,KYBER 750W,雙8/鈦金/全模/ATX3.0(PCIe 5.0)/主日系/防潮塗層/10年,808.4714286,554.4285714,253.5714286,0.085714286,0.042857143,0.057142857,0.142857143,0.142857143
179,Antec,NE650GM(650W),雙8/白金/水冷電源/5年保/Aura Sync【客訂,808.4714286,568.7142857,239.2857143,0.085714286,0.042857143,0.057142857,0.142857143,0.142857143
180,微星,MAG A650GL 650W,(MIT) 雙8/金牌/直出線/ATX3.1/主日系/5年保,808.4714286,568.7142857,239.2857143,0.085714286,0.042857143,0.057142857,0.142857143,0.142857143
181,九州風神,PN650M(650W),(MIT) 雙8/金牌/直出線/ATX3.1(PCIe 5.1)/主日系/5年保,808.4714286,568.7142857,239.2857143,0.085714286,0.042857143,0.057142857,0.142857143,0.142857143
182,技嘉,GP-P650G(650W),(MIT) 雙8/金牌/直出線/ATX3.1(PCIe 5.1)/主日系/5年保,808.4714286,568.7142857,239.2857143,0.085714286,0.042857143,0.057142857,0.142857143,0.142857143
183,振華,COMBAT SG 650W,(MIT) 雙8/金牌/全模/ATX3.1/主日系/10年保,794.1857143,554.4285714,239.2857143,0.085714286,0.042857143,0.057142857,0.142857143,0.142857143
184,海韻,FOCUS GX-550(550W),(MIT) 白色版 雙8/金牌/全模/ATX3.1/主日系/10年保,794.1857143,568.7142857,225,0.085714286,0.042857143,0.057142857,0.142857143,0.142857143
185,銀欣,Triton 750Rx(750W),(MIT) 雙8/金牌/全模/ATX3.1(PCIe 5.1)/主日系/10年保,794.1857143,540.1428571,253.5714286,0.085714286,0.042857143,0.057142857,0.142857143,0.142857143
186,酷碼,MWE GOLD V3 750W,(MIT) 白色版 雙8/金牌/全模/ATX3.1(PCIe 5.1)/主日系/10年保,794.1857143,540.1428571,253.5714286,0.085714286,0.042857143,0.057142857,0.142857143,0.142857143
187,微星,MAG A750BN PCIE5 750W,(MIT) 雙8/金牌/全模/ATX3.1(PCIe 5.1)/主日系/10年保,794.1428571,540.1428571,253.5714286,0.042857143,0.042857143,0.057142857,0.142857143,0.142857143
188,Antec,CSK750DC(750W),白色版 雙8/金牌/全模/ATX3.1(PCIe 5.1)/主日系/10年保,779.9571429,525.8571429,253.5714286,0.042857143,0.085714286,0.114285714,0.142857143,0.142857143
189,Apexgaming(首利),STR650MW(650W),(MIT) 雙8/金牌/全模/ATX3.1(PCIe 5.1)/主日系/10年保,779.9,540.1428571,239.2857143,0.085714286,0.042857143,0.057142857,0.142857143,0.142857143
190,全漢,HEXA 85+ PRO GEN5 750W,(MIT) 白色版 雙8/金牌/全模/ATX3.1(PCIe 5.1)/主日系/10年保,779.8571429,525.8571429,253.5714286,0.042857143,0.042857143,0.057142857,0.142857143,0.142857143
191,保銳,CyberG II 750W,(MIT) 雙8/鈦金/全模/ATX3.1(雙PCIe 5.1)/主日系/防潮塗層/10年保,765.6571429,511.5714286,253.5714286,0.085714286,0.085714286,0.057142857,0.142857143,0.142857143
192,Montech,GAMMA II 650W,(MIT) 雙8/鈦金/全模/ATX3.1(雙PCIe 5.1)/主日系/防潮塗層/10年保,765.6142857,525.8571429,239.2857143,0.085714286,0.042857143,0.057142857,0.142857143,0.142857143
193,九州風神,PN650D(650W),雙8/白金/ATX3.1(4組PCIe 5.1)/3年保(限220V T型插座)【無快換】,765.6142857,525.8571429,239.2857143,0.085714286,0.042857143,0.057142857,0.142857143,0.142857143
194,銀欣,ATTIS 750R(750W),/銅牌/主日系/5年保/DC-DC,765.5714286,511.5714286,253.5714286,0.042857143,0.042857143,0.057142857,0.142857143,0.142857143
195,XPG,CORE PYLON 750W,雙8/銅牌/主日系/5年保/DC-DC,765.5714286,511.5714286,253.5714286,0.042857143,0.042857143,0.057142857,0.142857143,0.142857143
196,台達,650W,雙8/銅牌/主日系/5年保/DC-DC,765.5714286,525.8571429,239.2857143,0.042857143,0.042857143,0.057142857,0.142857143,0.142857143
197,銀欣,Triton 650Rx(650W),雙8/金牌/直出線/ATX3.0(PCIe 5.0)/5年保,751.3285714,511.5714286,239.2857143,0.085714286,0.042857143,0.057142857,0.142857143,0.142857143
198,Apexgaming(首利),AJ-650M(650W),雙8/金牌/直出線/ATX3.0(PCIe 5.0)/5年保,751.3285714,511.5714286,239.2857143,0.085714286,0.042857143,0.057142857,0.142857143,0.142857143
199,Montech,創世紀 CENTURY 550W,雙8/金牌/全模/ATX3.1(PCIe 5.1)/7年保 原價$3190,751.3285714,525.8571429,225,0.085714286,0.042857143,0.057142857,0.142857143,0.142857143
200,振華,COMBAT SG 550W,雙8/金牌/全模/ATX3.1(PCIe 5.1)/7年保 原價$3490,751.3285714,525.8571429,225,0.085714286,0.042857143,0.057142857,0.142857143,0.142857143
201,微星,MAG A650BNL WHITE 650W(,雙8/金牌/全模組/ATX3.0(PCIe 5.0)/全日系/10年保,751.2857143,511.5714286,239.2857143,0.042857143,0.042857143,0.057142857,0.142857143,0.142857143
202,全漢,CANNON PRO 2500W,雙8/金牌/全模組/ATX3.0(PCIe 5.0)/全日系/10年保,747.7142857,368.7142857,378.5714286,0.042857143,0.042857143,0.057142857,0.142857143,0.142857143
203,酷碼,MWE GOLD V3 650W,白色/雙8/金牌/全模組/ATX3.0(PCIe 5.0)/全日系/10年保,737.0428571,497.2857143,239.2857143,0.085714286,0.042857143,0.057142857,0.142857143,0.142857143
204,全漢,VITA GD 650W(,雙8/金牌/全模組/ATX3.0(PCIe 5.0)/全日系/10年保,737.0428571,497.2857143,239.2857143,0.085714286,0.042857143,0.057142857,0.142857143,0.142857143
205,華碩,TUF GAMING 650W,雙8/金牌/全模組/ATX3.0(PCIe 5.0)/全日系/10年保,737,497.2857143,239.2857143,0.042857143,0.042857143,0.057142857,0.142857143,0.142857143
206,華碩,PRIME 650W,雙8/白金/全模組/ATX3.0(PCIe 5.0)/10年保,737,497.2857143,239.2857143,0.042857143,0.042857143,0.057142857,0.142857143,0.142857143
207,銀欣,ATTIS 650R(650W),雙8/白金/全模組/ATX3.0(PCIe 5.0)/10年保,737,497.2857143,239.2857143,0.042857143,0.042857143,0.057142857,0.142857143,0.142857143
208,Antec,CSK750H(750W),雙8/鈦金/全模組/ATX3.0(雙PCIe 5.0)/全日系/12年,737,483,253.5714286,0.042857143,0.042857143,0.057142857,0.142857143,0.142857143
209,微星,MAG A650BN 650W,銅牌/DC-DC/5年保,737,497.2857143,239.2857143,0.042857143,0.042857143,0.057142857,0.142857143,0.142857143
210,海韻,S12III-650W,HITE 650W(白) 銅牌/DC-DC/5年保,731.2857143,491.5714286,239.2857143,0.042857143,0.042857143,0.057142857,0.142857143,0.142857143
211,海韻,G12 GC-550(550W),雙8/銅牌/ATX3.0/5年保,722.7571429,497.2857143,225,0.085714286,0.042857143,0.057142857,0.142857143,0.142857143
212,Montech,GAMMA II 550W,雙8/金牌/全模組/DC-DC/7年保,722.7571429,497.2857143,225,0.085714286,0.042857143,0.057142857,0.142857143,0.142857143
213,BitFenix,WHISPER 550W,雙8/金牌/全模組/ATX3.0/7年保,722.7571429,497.2857143,225,0.085714286,0.042857143,0.057142857,0.142857143,0.142857143
214,銀欣,650W,雙8/金牌/全模組/ATX3.0/7年保,722.7142857,483,239.2857143,0.042857143,0.042857143,0.057142857,0.142857143,0.142857143
215,XPG,CORE PYLON 650W,HITE 850W(白) 雙8/金牌/全模組/ATX3.0/7年保,722.7142857,483,239.2857143,0.042857143,0.042857143,0.057142857,0.142857143,0.142857143
216,保銳,CyberG II 650W,雙8/金牌/全模組/ATX3.1/7年保,708.5285714,468.7142857,239.2857143,0.085714286,0.042857143,0.114285714,0.142857143,0.142857143
217,美洲獅,COUGAR ATLAS 750W,雙8/金牌/全模組/ATX3.1/7年保,708.4285714,454.4285714,253.5714286,0.042857143,0.042857143,0.057142857,0.142857143,0.142857143
218,華碩,TUF GAMING 550W,靜音版 雙8/金牌/全模/壓紋線/ATX3.1(PCIe 5.1)/7年,708.4285714,483,225,0.042857143,0.042857143,0.057142857,0.142857143,0.142857143
219,華碩,PRIME 550W,靜音版 雙8/金牌/全模/壓紋線/ATX3.1(PCIe 5.1)/7年,708.4285714,483,225,0.042857143,0.042857143,0.057142857,0.142857143,0.142857143
220,美洲獅,COUGAR ATLAS 650W,靜音版 雙8/金牌/全模/壓紋線/ATX3.1(PCIe 5.1)/7年,708.4285714,468.7142857,239.2857143,0.042857143,0.042857143,0.057142857,0.142857143,0.142857143
221,Antec,CSK650DC(650W),靜音版 雙8/金牌/全模/壓紋線/ATX3.1(PCIe 5.1)/7年,708.4285714,468.7142857,239.2857143,0.042857143,0.042857143,0.057142857,0.142857143,0.142857143
222,全漢,聖武士 650W,雙8/金牌/全模組/ATX3.1(PCIe 5.1)/10年保,708.4285714,468.7142857,239.2857143,0.042857143,0.042857143,0.057142857,0.142857143,0.142857143
223,振華,BRONZE KING II PLUS 650W,雙8/金牌/全模組/ATX3.0/溫控風扇/全日系/10年保,708.4285714,468.7142857,239.2857143,0.042857143,0.042857143,0.057142857,0.142857143,0.142857143
224,保銳,Cyberbron II 700W,雙8/金牌/全模組/ATX3.1(雙PCIe 5.1)/10年保,701.2857143,454.4285714,246.4285714,0.042857143,0.042857143,0.057142857,0.142857143,0.142857143
225,海韻,S12III-550W,雙8/金牌/全模組/ATX3.1(雙PCIe 5.1)/10年保,688.4285714,463,225,0.042857143,0.042857143,0.057142857,0.142857143,0.142857143
226,酷碼,MWE GOLD V3 550W,雙8/白金/全模組/ATX3.0/軟體監控/全日系/10年保,679.9,454.4285714,225,0.085714286,0.042857143,0.057142857,0.142857143,0.142857143
227,Apexgaming(首利),A650(650W),雙8/鈦金/全模組/ATX3.1/軟體監控/全日系/10年保,679.9,440.1428571,239.2857143,0.085714286,0.042857143,0.057142857,0.142857143,0.142857143
228,XPG,CORE PYLON 550W,er GF 850W 雙8/金牌/全模組/全日系/10年保,679.8571429,454.4285714,225,0.042857143,0.042857143,0.057142857,0.142857143,0.142857143
229,九州風神,PK650D(650W),er GF A3 650W 雙8/金牌/全模組/ATX3.0(PCIe 5.0)/10年保,679.8571429,440.1428571,239.2857143,0.042857143,0.042857143,0.057142857,0.142857143,0.142857143
230,美洲獅,COUGAR ATLAS 550W,er GF A3 750W 雙8/金牌/全模組/ATX3.0(PCIe 5.0)/10年保,665.5714286,440.1428571,225,0.042857143,0.042857143,0.057142857,0.142857143,0.142857143
231,Montech,BETA 550W/,er GF A3 850W 雙8/金牌/全模組/ATX3.0(PCIe 5.0)/10年保,665.5714286,440.1428571,225,0.042857143,0.042857143,0.057142857,0.142857143,0.142857143
232,全漢,聖武士 550W,er GF3 1000W ATX3.0(PCIe 5.0) 雙8/金牌/全模組/10年保,665.5714286,440.1428571,225,0.042857143,0.042857143,0.057142857,0.142857143,0.142857143
233,銀欣,300W,er GF3 1200W ATX3.0(PCIe 5.0) 雙8/金牌/全模組/10年保,658.4285714,468.7142857,189.2857143,0.042857143,0.042857143,0.057142857,0.142857143,0.142857143
234,振華,BRONZE KING II 500W,er GF3 1350W ATX3.0(PCIe 5.0) 雙8/金牌/全模組/10年保,644.1428571,425.8571429,217.8571429,0.042857143,0.042857143,0.057142857,0.142857143,0.142857143
235,Apexgaming(首利),A550(550W),雙8/銅牌/DC-DC/5年,637.0428571,411.5714286,225,0.085714286,0.042857143,0.057142857,0.142857143,0.142857143
236,酷碼,MWE BRONZE V2 450W,雙8/銅牌/DC-DC/5年,637,425.8571429,210.7142857,0.042857143,0.042857143,0.057142857,0.142857143,0.142857143
237,九州風神,PK550D(550W),雙8/金牌/直出線/ATX3.1(PCIe 5.1)/10年,637,411.5714286,225,0.042857143,0.042857143,0.057142857,0.142857143,0.142857143
238,銀欣,450W,雙8/金牌/直出線/ATX3.1(PCIe 5.1)/10年,617,405.8571429,210.7142857,0.042857143,0.042857143,0.057142857,0.142857143,0.142857143
239,全漢,T450(MIT) 450W/,雙8/金牌/直出線/ATX3.1(PCIe 5.1)/10年,579.8571429,368.7142857,210.7142857,0.042857143,0.042857143,0.057142857,0.142857143,0.142857143
240,全漢,聖武士 350W/,雙8/金牌/全模組/ATX3.1(PCIe 5.1)/主日系/10年,565.5714286,368.7142857,196.4285714,0.042857143,0.042857143,0.057142857,0.142857143,0.142857143
,,,雙8/金牌/全模組/ATX3.1(PCIe 5.1)/主日系/10年,,,,,,,,
,,,雙8/金牌/全模組/ATX3.1(PCIe 5.1)/主日系/10年,,,,,,,,
,,,H(850W) 白色/雙8/金牌/全模組/ATX3.1(PCIe 5.1)/主日系/10年,,,,,,,,
,,,HISPER 550W 金牌/全模組/全日系/10年保/DC-DC,,,,,,,,
,,,HISPER 850W 雙8/金牌/全模組/全日系/10年保/DC-DC,,,,,,,,
,,,白色版 雙8/金牌/全模組/ATX3.1(PCIe 5.1)/主日系/10年保,,,,,,,,
,,,雙8/金牌/全模組/ATX3.1(PCIe 5.1)/主日系/10年保,,,,,,,,
,,,白色版 雙8/金牌/全模組/ATX3.1(PCIe 5.1)/主日系/10年保,,,,,,,,
,,,雙8/白金/全模/ATX3.0(PCIe 5.0)/全日系/10年【SFX】,,,,,,,,
,,,(850W) 白色 雙8/白金/全模/ATX3.0(PCIe 5.0)/10年【SFX】,,,,,,,,
,,,銀牌/直出線/DC-DC/5年保,,,,,,,,
,,,雙8/銀牌/直出線/DC-DC/5年保,,,,,,,,
,,,雙8/金牌/全模/全日系/智慧停轉/10年保,,,,,,,,
,,,(650W) 白色/雙8/金牌/全模/全日系/10年保,,,,,,,,
,,,雙8/金牌/全模/ATX3.0(PCIe 5.0)/全日系/10年,,,,,,,,
,,,(750W) 白色/雙8/金牌/全模/ATX3.0(PCIe 5.0)/10年,,,,,,,,
,,,雙8/金牌/全模/ATX3.0(PCIe 5.0)/全日系/10年,,,,,,,,
,,,(850W) 白色/雙8/金牌/全模/ATX3.0(PCIe 5.0)/10年,,,,,,,,
,,,雙8/白金/全模/ATX3.1(PCIe 5.1)/全日系/10年,,,,,,,,
,,,(1000W) 白色/白金/全模/ATX3.1(PCIe 5.1)/全日系/10年,,,,,,,,
,,,雙8/白金/全模組/ATX3.0(PCIe 5.0)/全日系/10年保,,,,,,,,
,,,雙8/白金/全模組/ATX3.0(雙PCIe 5.0)/全日系/10年保,,,,,,,,
,,,雙8/白金/全模組/ATX3.0(雙PCIe 5.0)/全日系/10年保,,,,,,,,
,,,雙8/銅牌/5年保,,,,,,,,
,,,雙8/銅牌/5年保,,,,,,,,
,,,雙8/金牌/全模/ATX3.1(PCIe 5.1)/主日系/智慧停轉/10年保,,,,,,,,
,,,雙8/金牌/全模/ATX3.1(PCIe 5.1)/主日系/智慧停轉/10年保,,,,,,,,
,,,雙8/金牌/全模/ATX3.1(PCIe 5.1)/主日系/智慧停轉/10年保,,,,,,,,
,,,金牌/半模/ATX3.1/主日系/FDB風扇/7年保,,,,,,,,
,,,雙8/金牌/半模/ATX3.1/主日系/FDB風扇/7年保,,,,,,,,
,,,雙8/金牌/半模/ATX3.1(PCIe 5.1)/主日系/FDB風扇/7年保,,,,,,,,
,,,雙8/金牌/半模/ATX3.1(PCIe 5.1)/主日系/FDB風扇/7年保,,,,,,,,
,,,黑色 雙8/金牌/全模/ATX3.1(PCIe 5.0)/全日系/10年保,,,,,,,,
,,,白色 雙8/金牌/全模/ATX3.1(PCIe 5.0)/全日系/10年保,,,,,,,,
,,,白色 雙8/金牌/全模/ATX3.1(PCIe 5.0)/全日系/10年保,,,,,,,,
,,,白色/金牌/全模+振華 ST4 ARGB 白,,,,,,,,
,,,白色 雙8/金牌/全模/ATX3.1(PCIe 5.0)/全日系/10年保,,,,,,,,
,,,雙8/金牌/全模/ATX3.0(PCIe 5.0)/全日系/智慧停轉/10年保,,,,,,,,
,,,白色 雙8/金牌/全模/ATX3.0(PCIe 5.0)/全日系/智慧停轉/10年,,,,,,,,
,,,雙8/白金/全模/ATX3.1(PCIe 5.1)/全日系/10年保,,,,,,,,
,,,白色 雙8/白金/全模/ATX3.1(PCIe 5.1)/全日系/10年保,,,,,,,,
,,,雙8/白金/全模/ATX3.1(PCIe 5.1)/全日系/10年保,,,,,,,,
,,,白色 雙8/白金/全模/ATX3.1(PCIe 5.1)/全日系/10年保,,,,,,,,
,,,雙8/白金/全模/ATX3.1(PCIe 5.1)/全日系/10年保,,,,,,,,
,,,白色 雙8/白金/全模/ATX3.1(PCIe 5.1)/全日系/10年保,,,,,,,,
,,,雙8/金牌/主日系/5年保,,,,,,,,
,,,雙8/金牌/全模組/ATX3.1(PCIe 5.1)/全日系/10年保,,,,,,,,
,,,雙8/金牌/全模組/ATX3.1(PCIe 5.1)/全日系/10年保,,,,,,,,
,,,雙8/金牌/全模組/ATX3.1(PCIe 5.1)/全日系/10年保,,,,,,,,
,,,雙8/金牌/全模組/ATX3.1(PCIe 5.1)/全日系/10年保,,,,,,,,
,,,雙8/金牌/全模組/ATX3.0(PCIe 5.0)/主日系/10年,,,,,,,,
,,,雙8/金牌/全模組/ATX3.1(PCIe 5.1)/全日系/10年保,,,,,,,,
,,,雙8/白金/全模組/ATX3.1(雙PCIe 5.1)/主日系/10年,,,,,,,,
,,,雙8/白金/全模組/ATX3.0(PCIe 5.0)/全日系/10年,,,,,,,,
,,,ICE(白色) 雙8/白金/全模組/ATX3.0(PCIe 5.0)/全日系/10年,,,,,,,,
,,,白 雙8/白金/全模組/USB hub/ATX3.1(PCIe 5.1)/10年(分艙機殼專用),,,,,,,,
,,,黑 雙8/白金/全模組/USB hub/ATX3.1(PCIe 5.1)/10年(分艙機殼專用),,,,,,,,
,,,白 雙8/白金/全模組/USB hub/ATX3.1(PCIe 5.1)/10年(分艙機殼專用),,,,,,,,
,,,黑 雙8/白金/全模組/USB hub/ATX3.1(PCIe 5.1)/10年(分艙機殼專用),,,,,,,,
,,,白 雙8/白金/全模組/USB hub/ATX3.1(PCIe 5.1)/10年(分艙機殼專用),,,,,,,,
,,,雙8/金牌/全模組/ATX3.1(PCIe 5.1)/5年保,,,,,,,,
,,,ATX3.1 黑 雙8/金牌/全模組/PCIe 5.1/全日系/10年,,,,,,,,
,,,ATX3.1 白 雙8/金牌/全模組/PCIe 5.1/全日系/10年,,,,,,,,
,,,ATX3.1 黑 雙8/金牌/全模組/PCIe 5.1/全日系/10年,,,,,,,,
,,,ATX3.1 白 雙8/金牌/全模組/PCIe 5.1/全日系/10年,,,,,,,,
,,,ATX3.1 雙8/白金/數位電源/全模組/雙PCIe 5.1/全日系/10年,,,,,,,,
,,,,,,,,,,,
,,,,,,,,,,,
,,,,,,,,,,,
,,,,,,,,,,,
,,,,,,,,,,,
,,,,,,,,,,,
,,,,,,,,,,,
,,,,,,,,,,,
,,,,,,,,,,,
,,,,,,,,,,,
,,,,,,,,,,,
,,,,,,,,,,,
,,,,,,,,,,,
,,,,,,,,,,,
,,,,,,,,,,,
,,,,,,,,,,,
,,,,,,,,,,,
,,,,,,,,,,,
,,,,,,,,,,,
,,,,,,,,,,,
,,,,,,,,,,,
,,,,,,,,,,,
,,,,,,,,,,,
,,,,,,,,,,,
,,,,,,,,,,,
,,,,,,,,,,,
,,,,,,,,,,,
,,,,,,,,,,,
,,,,,,,,,,,
,,,,,,,,,,,
,,,,,,,,,,,
,,,,,,,,,,,
,,,,,,,,,,,
,,,,,,,,,,,
,,,,,,,,,,,
,,,,,,,,,,,
,,,,,,,,,,,
,,,,,,,,,,,
,,,,,,,,,,,
,,,,,,,,,,,
,,,,,,,,,,,
,,,,,,,,,,,
,,,,,,,,,,,
,,,,,,,,,,,
,,,,,,,,,,,
,,,,,,,,,,,
,,,,,,,,,,,
,,,,,,,,,,,
,,,,,,,,,,,
,,,,,,,,,,,
,,,,,,,,,,,
,,,,,,,,,,,
,,,,,,,,,,,
,,,,,,,,,,,
,,,,,,,,,,,
,,,,,,,,,,,
,,,,,,,,,,,
,,,,,,,,,,,
,,,,,,,,,,,
,,,,,,,,,,,
,,,,,,,,,,,
,,,,,,,,,,,
,,,,,,,,,,,
,,,,,,,,,,,
,,,,,,,,,,,
,,,,,,,,,,,
,,,,,,,,,,,
,,,,,,,,,,,
,,,,,,,,,,,
,,,,,,,,,,,
,,,,,,,,,,,
,,,,,,,,,,,
,,,,,,,,,,,
,,,,,,,,,,,
,,,,,,,,,,,
,,,,,,,,,,,
,,,,,,,,,,,
,,,,,,,,,,,
,,,,,,,,,,,
,,,,,,,,,,,
,,,,,,,,,,,
,,,,,,,,,,,
,,,,,,,,,,,
,,,,,,,,,,,
,,,,,,,,,,,
,,,,,,,,,,,
,,,,,,,,,,,
,,,,,,,,,,,
,,,,,,,,,,,
,,,,,,,,,,,
,,,,,,,,,,,
,,,,,,,,,,,
,,,,,,,,,,,
,,,,,,,,,,,
,,,,,,,,,,,
,,,,,,,,,,,
,,,,,,,,,,,
,,,,,,,,,,,
,,,,,,,,,,,
,,,,,,,,,,,
,,,,,,,,,,,
,,,,,,,,,,,
,,,,,,,,,,,
,,,,,,,,,,,
,,,,,,,,,,,
,,,,,,,,,,,
,,,,,,,,,,,
,,,,,,,,,,,
,,,,,,,,,,,
,,,,,,,,,,,
,,,,,,,,,,,
,,,,,,,,,,,
,,,,,,,,,,,
,,,,,,,,,,,
,,,,,,,,,,,
,,,,,,,,,,,
,,,,,,,,,,,
,,,,,,,,,,,
,,,,,,,,,,,
,,,,,,,,,,,
,,,,,,,,,,,
,,,,,,,,,,,
,,,,,,,,,,,
,,,,,,,,,,,
,,,,,,,,,,,
,,,,,,,,,,,
,,,,,,,,,,,
,,,,,,,,,,,
,,,,,,,,,,,
,,,,,,,,,,,
,,,,,,,,,,,
,,,,,,,,,,,
,,,,,,,,,,,
,,,,,,,,,,,
,,,,,,,,,,,
,,,,,,,,,,,
,,,,,,,,,,,
,,,,,,,,,,,
,,,,,,,,,,,
,,,,,,,,,,,
,,,,,,,,,,,
,,,,,,,,,,,
,,,,,,,,,,,
,,,,,,,,,,,
,,,,,,,,,,,
,,,,,,,,,,,
,,,,,,,,,,,
,,,,,,,,,,,
,,,,,,,,,,,
,,,,,,,,,,,
,,,,,,,,,,,
,,,,,,,,,,,
,,,,,,,,,,,
,,,,,,,,,,,
,,,,,,,,,,,
,,,,,,,,,,,
,,,,,,,,,,,
,,,,,,,,,,,
,,,,,,,,,,,
,,,,,,,,,,,
,,,,,,,,,,,
,,,,,,,,,,,
,,,,,,,,,,,
,,,,,,,,,,,
,,,,,,,,,,,
,,,,,,,,,,,
,,,,,,,,,,,
,,,,,,,,,,,
,,,,,,,,,,,
,,,,,,,,,,,
,,,,,,,,,,,
,,,,,,,,,,,
,,,,,,,,,,,
,,,,,,,,,,,
,,,,,,,,,,,
,,,,,,,,,,,
,,,,,,,,,,,
,,,,,,,,,,,
,,,,,,,,,,,
,,,,,,,,,,,
,,,,,,,,,,,
,,,,,,,,,,,
,,,,,,,,,,,
,,,,,,,,,,,
,,,,,,,,,,,
,,,,,,,,,,,
,,,,,,,,,,,
,,,,,,,,,,,
,,,,,,,,,,,
,,,,,,,,,,,
,,,,,,,,,,,
,,,,,,,,,,,
,,,,,,,,,,,
,,,,,,,,,,,
,,,,,,,,,,,
,,,,,,,,,,,
,,,,,,,,,,,
,,,,,,,,,,,
,,,,,,,,,,,
,,,,,,,,,,,
,,,,,,,,,,,
,,,,,,,,,,,
,,,,,,,,,,,
,,,,,,,,,,,
,,,,,,,,,,,
,,,,,,,,,,,
,,,,,,,,,,,
,,,,,,,,,,,
,,,,,,,,,,,
,,,,,,,,,,,
,,,,,,,,,,,
,,,,,,,,,,,
,,,,,,,,,,,
,,,,,,,,,,,
,,,,,,,,,,,
,,,,,,,,,,,
,,,,,,,,,,,
,,,,,,,,,,,
,,,,,,,,,,,
,,,,,,,,,,,
,,,,,,,,,,,
,,,,,,,,,,,
,,,,,,,,,,,
,,,,,,,,,,,
,,,,,,,,,,,
,,,,,,,,,,,
,,,,,,,,,,,
,,,,,,,,,,,
,,,,,,,,,,,
,,,,,,,,,,,
,,,,,,,,,,,
,,,,,,,,,,,
,,,,,,,,,,,
,,,,,,,,,,,
,,,,,,,,,,,
,,,,,,,,,,,
,,,,,,,,,,,
,,,,,,,,,,,
,,,,,,,,,,,
,,,,,,,,,,,
,,,,,,,,,,,
,,,,,,,,,,,
,,,,,,,,,,,
,,,,,,,,,,,
,,,,,,,,,,,
,,,,,,,,,,,
,,,,,,,,,,,
,,,,,,,,,,,
,,,,,,,,,,,
,,,,,,,,,,,
,,,,,,,,,,,
,,,,,,,,,,,
,,,,,,,,,,,
,,,,,,,,,,,
,,,,,,,,,,,
,,,,,,,,,,,
,,,,,,,,,,,
,,,,,,,,,,,
,,,,,,,,,,,
,,,,,,,,,,,
,,,,,,,,,,,
,,,,,,,,,,,
,,,,,,,,,,,
,,,,,,,,,,,
,,,,,,,,,,,
,,,,,,,,,,,
,,,,,,,,,,,
,,,,,,,,,,,
,,,,,,,,,,,
,,,,,,,,,,,
,,,,,,,,,,,
,,,,,,,,,,,
,,,,,,,,,,,
,,,,,,,,,,,
,,,,,,,,,,,
,,,,,,,,,,,
,,,,,,,,,,,
,,,,,,,,,,,
,,,,,,,,,,,
,,,,,,,,,,,
,,,,,,,,,,,
,,,,,,,,,,,
,,,,,,,,,,,
,,,,,,,,,,,
,,,,,,,,,,,
,,,,,,,,,,,
,,,,,,,,,,,
,,,,,,,,,,,
,,,,,,,,,,,
,,,,,,,,,,,
,,,,,,,,,,,
,,,,,,,,,,,
,,,,,,,,,,,
,,,,,,,,,,,
,,,,,,,,,,,
,,,,,,,,,,,
,,,,,,,,,,,
,,,,,,,,,,,
,,,,,,,,,,,
,,,,,,,,,,,
,,,,,,,,,,,
,,,,,,,,,,,
,,,,,,,,,,,
,,,,,,,,,,,
,,,,,,,,,,,
,,,,,,,,,,,
,,,,,,,,,,,
,,,,,,,,,,,
,,,,,,,,,,,
,,,,,,,,,,,
,,,,,,,,,,,
,,,,,,,,,,,
,,,,,,,,,,,
,,,,,,,,,,,
,,,,,,,,,,,
,,,,,,,,,,,
,,,,,,,,,,,
,,,,,,,,,,,
,,,,,,,,,,,
,,,,,,,,,,,
,,,,,,,,,,,
,,,,,,,,,,,
,,,,,,,,,,,
,,,,,,,,,,,
,,,,,,,,,,,
,,,,,,,,,,,
,,,,,,,,,,,
,,,,,,,,,,,
,,,,,,,,,,,
,,,,,,,,,,,
,,,,,,,,,,,
,,,,,,,,,,,
,,,,,,,,,,,
,,,,,,,,,,,
,,,,,,,,,,,
,,,,,,,,,,,
,,,,,,,,,,,
,,,,,,,,,,,
,,,,,,,,,,,
,,,,,,,,,,,
,,,,,,,,,,,
,,,,,,,,,,,
,,,,,,,,,,,
,,,,,,,,,,,
,,,,,,,,,,,
,,,,,,,,,,,
,,,,,,,,,,,
,,,,,,,,,,,
,,,,,,,,,,,
,,,,,,,,,,,
,,,,,,,,,,,
,,,,,,,,,,,
,,,,,,,,,,,
,,,,,,,,,,,
,,,,,,,,,,,
,,,,,,,,,,,
,,,,,,,,,,,
,,,,,,,,,,,
,,,,,,,,,,,
,,,,,,,,,,,
,,,,,,,,,,,
,,,,,,,,,,,
,,,,,,,,,,,
,,,,,,,,,,,
,,,,,,,,,,,
,,,,,,,,,,,
,,,,,,,,,,,
,,,,,,,,,,,
,,,,,,,,,,,
,,,,,,,,,,,
,,,,,,,,,,,
,,,,,,,,,,,
,,,,,,,,,,,
,,,,,,,,,,,
,,,,,,,,,,,
,,,,,,,,,,,
,,,,,,,,,,,
,,,,,,,,,,,
,,,,,,,,,,,
,,,,,,,,,,,
,,,,,,,,,,,
,,,,,,,,,,,
,,,,,,,,,,,
,,,,,,,,,,,
,,,,,,,,,,,
,,,,,,,,,,,
,,,,,,,,,,,
,,,,,,,,,,,
,,,,,,,,,,,
,,,,,,,,,,,
,,,,,,,,,,,
,,,,,,,,,,,
,,,,,,,,,,,
,,,,,,,,,,,
,,,,,,,,,,,
,,,,,,,,,,,
,,,,,,,,,,,
,,,,,,,,,,,
,,,,,,,,,,,
,,,,,,,,,,,
,,,,,,,,,,,
,,,,,,,,,,,
,,,,,,,,,,,
,,,,,,,,,,,
,,,,,,,,,,,
,,,,,,,,,,,
,,,,,,,,,,,
,,,,,,,,,,,
,,,,,,,,,,,
,,,,,,,,,,,
,,,,,,,,,,,
,,,,,,,,,,,
,,,,,,,,,,,
,,,,,,,,,,,
,,,,,,,,,,,
,,,,,,,,,,,
,,,,,,,,,,,
,,,,,,,,,,,
,,,,,,,,,,,
,,,,,,,,,,,
,,,,,,,,,,,
,,,,,,,,,,,
,,,,,,,,,,,
,,,,,,,,,,,
,,,,,,,,,,,
,,,,,,,,,,,
,,,,,,,,,,,
,,,,,,,,,,,
,,,,,,,,,,,
,,,,,,,,,,,
,,,,,,,,,,,
,,,,,,,,,,,
,,,,,,,,,,,
,,,,,,,,,,,
,,,,,,,,,,,
,,,,,,,,,,,
,,,,,,,,,,,
,,,,,,,,,,,
,,,,,,,,,,,
,,,,,,,,,,,
,,,,,,,,,,,
,,,,,,,,,,,
,,,,,,,,,,,
,,,,,,,,,,,
,,,,,,,,,,,
,,,,,,,,,,,
,,,,,,,,,,,
,,,,,,,,,,,
,,,,,,,,,,,
,,,,,,,,,,,
,,,,,,,,,,,
,,,,,,,,,,,
,,,,,,,,,,,
,,,,,,,,,,,
,,,,,,,,,,,
,,,,,,,,,,,
,,,,,,,,,,,
,,,,,,,,,,,
,,,,,,,,,,,
,,,,,,,,,,,
,,,,,,,,,,,
,,,,,,,,,,,
,,,,,,,,,,,
,,,,,,,,,,,
,,,,,,,,,,,
,,,,,,,,,,,
,,,,,,,,,,,
,,,,,,,,,,,
,,,,,,,,,,,
,,,,,,,,,,,
,,,,,,,,,,,
,,,,,,,,,,,
,,,,,,,,,,,
,,,,,,,,,,,
,,,,,,,,,,,
,,,,,,,,,,,
,,,,,,,,,,,
,,,,,,,,,,,
,,,,,,,,,,,
,,,,,,,,,,,
,,,,,,,,,,,
,,,,,,,,,,,
,,,,,,,,,,,
,,,,,,,,,,,
,,,,,,,,,,,
,,,,,,,,,,,
,,,,,,,,,,,
,,,,,,,,,,,
,,,,,,,,,,,
,,,,,,,,,,,
,,,,,,,,,,,
,,,,,,,,,,,
,,,,,,,,,,,
,,,,,,,,,,,
,,,,,,,,,,,
,,,,,,,,,,,
,,,,,,,,,,,
,,,,,,,,,,,
,,,,,,,,,,,
,,,,,,,,,,,
,,,,,,,,,,,
,,,,,,,,,,,
,,,,,,,,,,,
,,,,,,,,,,,
,,,,,,,,,,,
,,,,,,,,,,,
,,,,,,,,,,,
,,,,,,,,,,,
,,,,,,,,,,,
,,,,,,,,,,,
,,,,,,,,,,,
,,,,,,,,,,,
,,,,,,,,,,,
,,,,,,,,,,,
,,,,,,,,,,,
,,,,,,,,,,,
,,,,,,,,,,,
,,,,,,,,,,,
,,,,,,,,,,,
,,,,,,,,,,,
,,,,,,,,,,,
,,,,,,,,,,,
,,,,,,,,,,,
,,,,,,,,,,,
,,,,,,,,,,,
,,,,,,,,,,,
,,,,,,,,,,,
,,,,,,,,,,,
,,,,,,,,,,,
,,,,,,,,,,,
,,,,,,,,,,,
,,,,,,,,,,,
,,,,,,,,,,,
,,,,,,,,,,,
,,,,,,,,,,,
,,,,,,,,,,,
,,,,,,,,,,,
,,,,,,,,,,,
,,,,,,,,,,,
,,,,,,,,,,,
,,,,,,,,,,,
,,,,,,,,,,,
,,,,,,,,,,,
,,,,,,,,,,,
,,,,,,,,,,,
,,,,,,,,,,,
,,,,,,,,,,,
,,,,,,,,,,,
,,,,,,,,,,,
,,,,,,,,,,,
,,,,,,,,,,,
,,,,,,,,,,,
,,,,,,,,,,,
,,,,,,,,,,,
,,,,,,,,,,,
,,,,,,,,,,,
,,,,,,,,,,,
,,,,,,,,,,,
,,,,,,,,,,,
,,,,,,,,,,,
,,,,,,,,,,,
,,,,,,,,,,,
,,,,,,,,,,,
,,,,,,,,,,,
,,,,,,,,,,,
,,,,,,,,,,,
,,,,,,,,,,,
,,,,,,,,,,,
,,,,,,,,,,,
,,,,,,,,,,,
,,,,,,,,,,,
,,,,,,,,,,,
,,,,,,,,,,,
,,,,,,,,,,,
,,,,,,,,,,,
,,,,,,,,,,,
,,,,,,,,,,,
,,,,,,,,,,,
,,,,,,,,,,,
,,,,,,,,,,,
,,,,,,,,,,,
,,,,,,,,,,,
,,,,,,,,,,,
,,,,,,,,,,,
,,,,,,,,,,,
,,,,,,,,,,,
,,,,,,,,,,,
,,,,,,,,,,,
,,,,,,,,,,,
,,,,,,,,,,,
,,,,,,,,,,,
,,,,,,,,,,,
,,,,,,,,,,,
,,,,,,,,,,,
,,,,,,,,,,,
,,,,,,,,,,,
,,,,,,,,,,,
,,,,,,,,,,,
,,,,,,,,,,,
,,,,,,,,,,,
,,,,,,,,,,,
,,,,,,,,,,,
,,,,,,,,,,,
,,,,,,,,,,,
,,,,,,,,,,,
,,,,,,,,,,,
,,,,,,,,,,,
,,,,,,,,,,,
,,,,,,,,,,,
,,,,,,,,,,,
,,,,,,,,,,,
,,,,,,,,,,,
,,,,,,,,,,,
,,,,,,,,,,,
,,,,,,,,,,,
,,,,,,,,,,,
,,,,,,,,,,,
,,,,,,,,,,,
,,,,,,,,,,,
,,,,,,,,,,,
,,,,,,,,,,,
,,,,,,,,,,,
,,,,,,,,,,,
,,,,,,,,,,,
,,,,,,,,,,,
,,,,,,,,,,,
,,,,,,,,,,,
,,,,,,,,,,,
,,,,,,,,,,,
,,,,,,,,,,,
,,,,,,,,,,,
,,,,,,,,,,,
,,,,,,,,,,,
,,,,,,,,,,,
,,,,,,,,,,,
,,,,,,,,,,,
,,,,,,,,,,,
,,,,,,,,,,,
,,,,,,,,,,,
,,,,,,,,,,,
,,,,,,,,,,,
,,,,,,,,,,,
,,,,,,,,,,,
,,,,,,,,,,,
,,,,,,,,,,,
,,,,,,,,,,,
,,,,,,,,,,,
,,,,,,,,,,,
,,,,,,,,,,,
,,,,,,,,,,,
,,,,,,,,,,,
,,,,,,,,,,,
,,,,,,,,,,,
,,,,,,,,,,,
,,,,,,,,,,,
,,,,,,,,,,,
,,,,,,,,,,,
,,,,,,,,,,,
,,,,,,,,,,,
,,,,,,,,,,,
,,,,,,,,,,,
,,,,,,,,,,,
,,,,,,,,,,,
,,,,,,,,,,,
,,,,,,,,,,,
,,,,,,,,,,,
,,,,,,,,,,,
,,,,,,,,,,,
,,,,,,,,,,,
,,,,,,,,,,,
,,,,,,,,,,,
,,,,,,,,,,,
,,,,,,,,,,,
,,,,,,,,,,,
,,,,,,,,,,,
,,,,,,,,,,,
,,,,,,,,,,,
,,,,,,,,,,,
,,,,,,,,,,,
,,,,,,,,,,,
,,,,,,,,,,,
,,,,,,,,,,,
,,,,,,,,,,,
,,,,,,,,,,,
,,,,,,,,,,,
,,,,,,,,,,,
,,,,,,,,,,,
,,,,,,,,,,,
,,,,,,,,,,,
,,,,,,,,,,,
,,,,,,,,,,,
,,,,,,,,,,,
,,,,,,,,,,,
