排名,BRAND,MODEL,總分,Price_分數,VRAM_Size_分數,Length_分數,Fan_Count_分數,Bus_Width_分數,Performance_分數,Power_Consumption_分數,Cooling_Performance_分數,Noise_Level_分數
1,麗臺,NVIDIA RTX PRO 6000 Blackwell 96GB ,-6762.8820000000005,-6770.200000000002,0.9599999999999996,0.3900000000000001,0.02,2.56,0.288,3.0000000000000004,0.05000000000000001,0.05000000000000001
2,酷碼,VGA Holder ,-6762.8820000000005,-6770.200000000002,0.9600000000000003,0.3900000000000001,0.02,2.56,0.28800000000000003,3.0000000000000004,0.05000000000000001,0.05000000000000001
3,酷碼,ARGB ,-6822.8820000000005,-6830.200000000002,0.9600000000000003,0.3900000000000001,0.02,2.56,0.28800000000000003,3.0000000000000004,0.05000000000000001,0.05000000000000001
4,微星,MPG ARGB ,-6822.8820000000005,-6830.200000000002,0.9600000000000003,0.3900000000000001,0.02,2.56,0.28800000000000003,3.0000000000000004,0.05000000000000001,0.05000000000000001
5,華碩,ROG Herculx ,-6922.8820000000005,-6930.200000000002,0.9600000000000003,0.3900000000000001,0.02,2.56,0.28800000000000003,3.0000000000000004,0.05000000000000001,0.05000000000000001
6,INNO3D,GT710 1GB DDR3,-6941.9619999999995,-6949.800000000001,1.0600000000000003,0.78,0.02,2.56,0.3180000000000001,3.0000000000000004,0.05000000000000001,0.05000000000000001
7,酷碼,ATLAS ARGB ,-6942.8820000000005,-6950.200000000002,0.9600000000000003,0.3900000000000001,0.02,2.56,0.28800000000000003,3.0000000000000004,0.05000000000000001,0.05000000000000001
8,華碩,ROG Herculx,-6942.8820000000005,-6950.200000000002,0.9600000000000003,0.3900000000000001,0.02,2.56,0.28800000000000003,3.0000000000000004,0.05000000000000001,0.05000000000000001
9,INNO3D,GT710 2GB DDR3,-6981.832,-6989.800000000001,1.1600000000000004,0.78,0.02,2.56,0.3480000000000001,3.0000000000000004,0.05000000000000001,0.05000000000000001
10,技嘉,N710D3-2GL,-7002.232000000001,-7010.200000000002,1.1600000000000004,0.7800000000000002,0.02,2.56,0.3480000000000001,3.0000000000000004,0.05000000000000001,0.05000000000000001
11,ZOTAC,GT710-2GD3-L(71302-20L),-7002.232000000001,-7010.200000000002,1.1600000000000004,0.7800000000000002,0.02,2.56,0.3480000000000001,3.0000000000000004,0.05000000000000001,0.05000000000000001
12,微星,GT710 2GD3H LP,-7022.232000000001,-7030.200000000002,1.1600000000000004,0.7800000000000002,0.02,2.56,0.3480000000000001,3.0000000000000004,0.05000000000000001,0.05000000000000001
13,華碩,GT710-SL-2GD5-BRK-EVO,-7022.232000000001,-7030.200000000002,1.1600000000000004,0.78,0.02,2.56,0.3480000000000001,3.0000000000000004,0.05000000000000001,0.05000000000000001
14,INNO3D,GT730 2GB SDDR3,-7041.832,-7049.800000000001,1.1600000000000004,0.78,0.02,2.56,0.3480000000000001,3.0000000000000004,0.05000000000000001,0.05000000000000001
15,撼訊,AXR7 240 2GBD5-HLEV2,-7062.232000000001,-7070.200000000002,1.1600000000000004,0.78,0.02,2.56,0.3480000000000001,3.0000000000000004,0.05000000000000001,0.05000000000000001
16,ZOTAC,GT730 2GB Zone Edition,-7134.232000000001,-7142.200000000002,1.1600000000000004,0.78,0.02,2.56,0.3480000000000001,3.0000000000000004,0.05000000000000001,0.05000000000000001
17,INNO3D,GT1030 2G,-7161.832,-7169.800000000001,1.1600000000000004,0.78,0.02,2.56,0.3480000000000001,3.0000000000000004,0.05000000000000001,0.05000000000000001
18,微星,N730-2GD3V3,-7182.232000000001,-7190.200000000002,1.1600000000000004,0.78,0.02,2.56,0.3480000000000001,3.0000000000000004,0.05000000000000001,0.05000000000000001
19,華碩,GT730-SL-2GD5-BRK,-7182.232000000001,-7190.200000000002,1.1600000000000004,0.78,0.02,2.56,0.3480000000000001,3.0000000000000004,0.05000000000000001,0.05000000000000001
20,ZOTAC,GT1030 2GB GDDR5 HDMI/DVI Low Profile,-7222.622,-7230.200000000002,1.1600000000000004,0.3900000000000001,0.02,2.56,0.3480000000000001,3.0000000000000004,0.05000000000000001,0.05000000000000001
21,ZOTAC,GT1030 2GB GDDR5 HDMI/VGA Low Profile,-7222.622,-7230.200000000002,1.1600000000000004,0.3900000000000001,0.02,2.56,0.3480000000000001,3.0000000000000004,0.05000000000000001,0.05000000000000001
22,微星,GT1030 2GD4 LP OC,-7234.232000000001,-7242.200000000002,1.1600000000000004,0.78,0.02,2.56,0.3480000000000001,3.0000000000000004,0.05000000000000001,0.05000000000000001
23,華碩,GT730-4H-SL-2GD5,-7242.232000000001,-7250.200000000002,1.1600000000000004,0.7800000000000004,0.02,2.56,0.3480000000000001,3.0000000000000004,0.05000000000000001,0.05000000000000001
24,華碩,GT1030-SL-2G-BRK,-7242.232000000001,-7250.200000000002,1.1600000000000004,0.78,0.02,2.56,0.3480000000000001,3.0000000000000004,0.05000000000000001,0.05000000000000001
25,技嘉,GT1030 Low Profile D4 2G,-7242.232000000001,-7250.200000000002,1.1600000000000004,0.78,0.02,2.56,0.3480000000000001,3.0000000000000004,0.05000000000000001,0.05000000000000001
26,微星,GT1030 AERO ITX 2GD4 OCV1,-7322.232000000001,-7330.200000000002,1.1600000000000004,0.78,0.02,2.56,0.3480000000000001,3.0000000000000004,0.05000000000000001,0.05000000000000001
27,INNO3D,RTX3050 6GB TWIN X2,-7761.292,-7769.800000000001,1.5600000000000005,0.7799999999999999,0.04000000000000002,2.56,0.4680000000000001,3.0000000000000004,0.05000000000000001,0.05000000000000001
28,ZOTAC,RTX3050 6GB GDDR6 Twin Edge OC,-7781.692000000001,-7790.200000000002,1.5600000000000005,0.78,0.04000000000000002,2.56,0.4680000000000001,3.0000000000000004,0.05000000000000001,0.05000000000000001
29,ZOTAC,RTX3050 6GB GDDR6 Solo,-7841.712,-7850.200000000002,1.5600000000000005,0.78,0.02,2.56,0.4680000000000001,3.0000000000000004,0.05000000000000001,0.05000000000000001
30,微星,RTX3050 LP 6G OC,-7861.692000000001,-7870.200000000002,1.5600000000000005,0.78,0.04000000000000002,2.56,0.4680000000000001,3.0000000000000004,0.05000000000000001,0.05000000000000001
31,微星,RTX3050 VENTUS 2X E 6G OC,-7861.692000000001,-7870.200000000002,1.5600000000000005,0.78,0.04000000000000002,2.56,0.4680000000000001,3.0000000000000004,0.05000000000000001,0.05000000000000001
32,技嘉,RTX3050 OC Low Profile 6G,-7861.692000000001,-7870.200000000002,1.5600000000000005,0.78,0.04000000000000002,2.56,0.4680000000000001,3.0000000000000004,0.05000000000000001,0.05000000000000001
33,ZOTAC,RTX3050 6GB GDDR6 LP,-7861.692000000001,-7870.200000000002,1.5600000000000005,0.78,0.04000000000000002,2.56,0.4680000000000001,3.0000000000000004,0.05000000000000001,0.05000000000000001
34,技嘉,RTX3050 WINDFORCE OC V2 6G,-7862.102,-7870.200000000002,1.5600000000000005,0.3900000000000001,0.02,2.56,0.4680000000000001,3.0000000000000004,0.05000000000000001,0.05000000000000001
35,微星,RTX3050 GAMING X 6G,-7901.692000000001,-7910.200000000002,1.5600000000000005,0.7799999999999999,0.04000000000000002,2.56,0.4680000000000001,3.0000000000000004,0.05000000000000001,0.05000000000000001
36,華碩,DUAL-RTX3050-O6G,-7922.082,-7930.200000000002,1.5600000000000005,0.3900000000000001,0.04000000000000002,2.56,0.4680000000000001,3.0000000000000004,0.05000000000000001,0.05000000000000001
37,華碩,RTX3050-O6G-LP-BRK,-7942.082,-7950.200000000002,1.5600000000000005,0.3900000000000001,0.04000000000000002,2.56,0.4680000000000001,3.0000000000000004,0.05000000000000001,0.05000000000000001
38,ZOTAC,RTX3050 ECO SOLO,-7942.492000000001,-7950.200000000002,0.9600000000000003,0.78,0.02,2.56,0.28800000000000003,3.0000000000000004,0.05000000000000001,0.05000000000000001
39,麗臺,NVIDIA RTX A400 4GB,-7943.972000000001,-7952.200000000002,1.3600000000000003,0.7800000000000004,0.02,2.56,0.4080000000000001,3.0000000000000004,0.05000000000000001,0.05000000000000001
40,INNO3D,RTX3050 TWIN X2,-7962.072000000002,-7969.800000000002,0.9600000000000003,0.7799999999999999,0.04000000000000002,2.56,0.28800000000000003,3.0000000000000004,0.05000000000000001,0.05000000000000001
41,微星,RTX3050 AERO ITX 8G OCV1,-8041.452,-8050.200000000002,1.7600000000000005,0.78,0.02,2.56,0.5280000000000001,3.0000000000000004,0.05000000000000001,0.05000000000000001
42,微星,RTX3050 VENTUS 2X XS 8G OC,-8061.432000000001,-8070.200000000002,1.7600000000000005,0.7799999999999999,0.04000000000000002,2.56,0.5280000000000001,3.0000000000000004,0.05000000000000001,0.05000000000000001
43,華碩,DUAL-RTX3050-O8G-V2,-8061.822,-8070.200000000002,1.7600000000000005,0.3900000000000001,0.04000000000000002,2.56,0.5280000000000001,3.0000000000000004,0.05000000000000001,0.05000000000000001
44,Acer,Nitro Intel ARC B570 OC 10GB,-8201.224000000002,-8210.2,1.9200000000000006,0.7799999999999999,0.04000000000000002,2.56,0.5760000000000002,3.0000000000000004,0.05000000000000001,0.05000000000000001
45,藍寶石,白金版 PULSE RX7650GRE GAMING  8GB,-8261.432,-8270.2,1.7600000000000005,0.7799999999999999,0.04000000000000002,2.56,0.5280000000000001,3.0000000000000004,0.05000000000000001,0.05000000000000001
46,藍寶石,極地 PURE RX7650GRE GAMING 8GB,-8301.432,-8310.2,1.7600000000000005,0.7799999999999999,0.04000000000000002,2.56,0.5280000000000001,3.0000000000000004,0.05000000000000001,0.05000000000000001
47,INNO3D,RTX5050 8GB TWIN X2,-8361.032000000001,-8369.800000000001,1.7600000000000005,0.7799999999999999,0.04000000000000002,2.56,0.5280000000000001,3.0000000000000004,0.05000000000000001,0.05000000000000001
48,Acer,Nitro Intel ARC B580 OC 12GB,-8361.224000000002,-8370.2,1.9200000000000006,0.7799999999999999,0.04000000000000002,2.56,0.5760000000000003,3.0000000000000004,0.05000000000000001,0.05000000000000001
49,ACER,Predator Arc A770 16G,-8361.244000000002,-8370.2,1.9200000000000006,0.7799999999999999,0.02,2.56,0.5760000000000001,3.0000000000000004,0.05000000000000001,0.05000000000000001
50,藍寶石,黑鑽版 RX7650GRE GAMING OC 8GB,-8361.452000000001,-8370.2,1.7600000000000005,0.7799999999999999,0.02000000000000002,2.56,0.5280000000000001,3.0000000000000004,0.05000000000000001,0.05000000000000001
51,微星,RTX5050 8G SHADOW 2X OC,-8381.432,-8390.2,1.7600000000000005,0.7799999999999999,0.04000000000000002,2.56,0.5280000000000001,3.0000000000000004,0.05000000000000001,0.05000000000000001
52,技嘉,RTX5050 WINDFORCE OC 8G,-8381.432,-8390.2,1.7600000000000005,0.7799999999999999,0.04000000000000002,2.56,0.5280000000000001,3.0000000000000004,0.05000000000000001,0.05000000000000001
53,ZOTAC,RTX5050 Twin Edge OC,-8382.472000000002,-8390.2,0.9600000000000003,0.7799999999999999,0.04000000000000002,2.56,0.28800000000000003,3.0000000000000004,0.05000000000000001,0.05000000000000001
54,Acer,Nitro Intel ARC B580 OC 12GB White,-8401.224000000002,-8410.2,1.9200000000000006,0.7799999999999999,0.04000000000000002,2.56,0.5760000000000003,3.0000000000000004,0.05000000000000001,0.05000000000000001
55,技嘉,RTX3060 WINDFORCE OC 12G,-8461.224000000004,-8470.200000000003,1.9200000000000006,0.7800000000000004,0.04000000000000002,2.56,0.5760000000000003,3.0000000000000004,0.05000000000000001,0.05000000000000001
56,INTEL,原廠 ARC B580 12G,-8461.224000000004,-8470.200000000003,1.9200000000000006,0.7800000000000006,0.04000000000000002,2.56,0.5760000000000003,3.0000000000000004,0.05000000000000001,0.05000000000000001
57,微星,RTX5050 8G VENTUS 2X OC,-8461.432000000003,-8470.200000000003,1.7600000000000005,0.7799999999999999,0.04000000000000002,2.56,0.5280000000000001,3.0000000000000004,0.05000000000000001,0.05000000000000001
58,技嘉,RTX5050 OC Low Profile 8G,-8461.452000000003,-8470.200000000003,1.7600000000000005,0.78,0.02000000000000002,2.56,0.5280000000000001,3.0000000000000004,0.05000000000000001,0.05000000000000001
59,ZOTAC,RTX5050 Twin Edge OC White Edition,-8462.472000000003,-8470.200000000003,0.9600000000000003,0.7799999999999999,0.04000000000000002,2.56,0.28800000000000003,3.0000000000000004,0.05000000000000001,0.05000000000000001
60,華擎,ARC B580 Challenger 12G OC,-8521.224000000004,-8530.200000000003,1.9200000000000006,0.7799999999999999,0.04000000000000002,2.56,0.5760000000000003,3.0000000000000004,0.05000000000000001,0.05000000000000001
61,微星,RTX5050 8G GAMING OC,-8561.432000000003,-8570.200000000003,1.7600000000000005,0.7799999999999999,0.04000000000000002,2.56,0.5280000000000001,3.0000000000000004,0.05000000000000001,0.05000000000000001
62,技嘉,RTX5050 GAMING OC 8G,-8562.492000000004,-8570.200000000003,0.9600000000000003,0.7799999999999999,0.02000000000000002,2.56,0.28800000000000003,3.0000000000000004,0.05000000000000001,0.05000000000000001
63,華碩,PRIME-RTX5050-O8G,-8581.842000000004,-8590.200000000003,1.7600000000000005,0.3900000000000001,0.02000000000000002,2.56,0.5280000000000001,3.0000000000000004,0.05000000000000001,0.05000000000000001
64,Acer,Nitro RX9060XT OC 8GB,-8661.432000000003,-8670.200000000003,1.7600000000000005,0.7799999999999999,0.04000000000000002,2.56,0.5280000000000001,3.0000000000000004,0.05000000000000001,0.05000000000000001
65,ZOTAC,RTX5060 AMP,-8662.472000000003,-8670.200000000003,0.9600000000000003,0.7799999999999999,0.04000000000000002,2.56,0.28800000000000003,3.0000000000000004,0.05000000000000001,0.05000000000000001
66,華擎,ARC B580 Steel Legend 12G OC,-8721.244000000004,-8730.200000000003,1.9200000000000006,0.7799999999999999,0.02000000000000002,2.56,0.5760000000000003,3.0000000000000004,0.05000000000000001,0.05000000000000001
67,華擎,RX9060XT Challenger 8GB OC,-8721.432000000003,-8730.200000000003,1.7600000000000005,0.7799999999999999,0.04000000000000002,2.56,0.5280000000000001,3.0000000000000004,0.05000000000000001,0.05000000000000001
68,藍寶石,脈動 PULSE RX9060XT GAMING OC 8GB,-8761.432000000003,-8770.200000000003,1.7600000000000005,0.7799999999999999,0.04000000000000002,2.56,0.5280000000000001,3.0000000000000004,0.05000000000000001,0.05000000000000001
69,Acer,Nitro RX9060XT 8GB OC White,-8761.432000000003,-8770.200000000003,1.7600000000000005,0.7799999999999999,0.04000000000000002,2.56,0.5280000000000001,3.0000000000000004,0.05000000000000001,0.05000000000000001
70,麗臺,NVIDIA RTX PRO 6000 Blackwell Max-Q  96GB,-8762.882000000005,-8770.200000000003,0.9599999999999996,0.3900000000000001,0.02,2.56,0.288,3.0000000000000004,0.05000000000000001,0.05000000000000001
71,技嘉,RTX5060 WINDFORCE 8G,-8841.432000000003,-8850.200000000003,1.7600000000000005,0.7799999999999999,0.04000000000000002,2.56,0.5280000000000001,3.0000000000000004,0.05000000000000001,0.05000000000000001
72,微星,RTX5060 8G CYCLONE OC 雪螳螂【獨家】,-8861.452000000003,-8870.200000000003,1.7600000000000005,0.78,0.02,2.56,0.5280000000000001,3.0000000000000004,0.05000000000000001,0.05000000000000001
73,華碩,DUAL-RX9060XT-8G,-8861.822000000004,-8870.200000000003,1.7600000000000005,0.3900000000000001,0.04000000000000002,2.56,0.5280000000000001,3.0000000000000004,0.05000000000000001,0.05000000000000001
74,ZOTAC,RTX5060 Twin Edge OC,-8862.472000000003,-8870.200000000003,0.9600000000000003,0.7799999999999999,0.04000000000000002,2.56,0.28800000000000003,3.0000000000000004,0.05000000000000001,0.05000000000000001
75,ZOTAC,RTX5060 SOLO,-8862.492000000004,-8870.200000000003,0.9600000000000003,0.78,0.02,2.56,0.28800000000000003,3.0000000000000004,0.05000000000000001,0.05000000000000001
76,技嘉,RTX5060 WINDFORCE OC 8G,-8921.432000000003,-8930.200000000003,1.7600000000000005,0.7799999999999999,0.04000000000000002,2.56,0.5280000000000001,3.0000000000000004,0.05000000000000001,0.05000000000000001
77,技嘉,RTX5060 WINDFORCE MAX OC 8G,-8921.432000000003,-8930.200000000003,1.7600000000000005,0.7799999999999999,0.04000000000000002,2.56,0.5280000000000001,3.0000000000000004,0.05000000000000001,0.05000000000000001
78,INNO3D,RTX5060 8GB TWIN X2 OC,-8961.032000000001,-8969.800000000001,1.7600000000000005,0.7799999999999999,0.04000000000000002,2.56,0.5280000000000001,3.0000000000000004,0.05000000000000001,0.05000000000000001
79,INNO3D,RTX5060 8GB TWIN X2 OC WHITE,-8961.032000000001,-8969.800000000001,1.7600000000000005,0.7799999999999999,0.04000000000000002,2.56,0.5280000000000001,3.0000000000000004,0.05000000000000001,0.05000000000000001
80,撼訊,RX9060XT 8G-L/OC Hellhound 暗黑犬,-8961.452000000003,-8970.200000000003,1.7600000000000005,0.7799999999999999,0.02000000000000002,2.56,0.5280000000000001,3.0000000000000004,0.05000000000000001,0.05000000000000001
81,ZOTAC,RTX5060 Twin Edge OC White Edition,-8962.472000000003,-8970.200000000003,0.9600000000000003,0.7799999999999999,0.04000000000000002,2.56,0.28800000000000003,3.0000000000000004,0.05000000000000001,0.05000000000000001
82,技嘉,RX9060XT GAMING OC 8G,-8981.452000000003,-8990.200000000003,1.7600000000000005,0.7799999999999999,0.02000000000000002,2.56,0.5280000000000001,3.0000000000000004,0.05000000000000001,0.05000000000000001
83,技嘉,RTX5060 EAGLE OC 8G,-9042.472000000003,-9050.200000000003,0.9600000000000003,0.7799999999999999,0.04000000000000002,2.56,0.28800000000000003,3.0000000000000004,0.05000000000000001,0.05000000000000001
84,技嘉,RTX5060 EAGLE MAX OC 8G,-9042.492000000004,-9050.200000000003,0.9600000000000003,0.7799999999999999,0.02000000000000002,2.56,0.28800000000000003,3.0000000000000004,0.05000000000000001,0.05000000000000001
85,微星,RTX5060 8G VENTUS 2X OC,-9061.432000000003,-9070.200000000003,1.7600000000000005,0.7799999999999999,0.04000000000000002,2.56,0.5280000000000001,3.0000000000000004,0.05000000000000001,0.05000000000000001
86,微星,RTX5060 8G VENTUS 3X OC,-9061.452000000003,-9070.200000000003,1.7600000000000005,0.7799999999999999,0.02000000000000002,2.56,0.5280000000000001,3.0000000000000004,0.05000000000000001,0.05000000000000001
87,華碩,ATS-RTX5060-O8G 鋸齒鯊,-9061.452000000003,-9070.200000000003,1.7600000000000005,0.7799999999999999,0.02000000000000002,2.56,0.5280000000000001,3.0000000000000004,0.05000000000000001,0.05000000000000001
88,技嘉,RTX5060 OC Low Profile 8G,-9061.452000000003,-9070.200000000003,1.7600000000000005,0.78,0.02000000000000002,2.56,0.5280000000000001,3.0000000000000004,0.05000000000000001,0.05000000000000001
89,華碩,DUAL-RTX5060-O8G,-9061.822000000004,-9070.200000000003,1.7600000000000005,0.3900000000000001,0.04000000000000002,2.56,0.5280000000000001,3.0000000000000004,0.05000000000000001,0.05000000000000001
90,華碩,RTX5060-O8G-LP-BRK,-9061.842000000004,-9070.200000000003,1.7600000000000005,0.3900000000000001,0.02000000000000002,2.56,0.5280000000000001,3.0000000000000004,0.05000000000000001,0.05000000000000001
91,華碩,PRIME-RTX5060-O8G,-9061.842000000004,-9070.200000000003,1.7600000000000005,0.3900000000000001,0.02000000000000002,2.56,0.5280000000000001,3.0000000000000004,0.05000000000000001,0.05000000000000001
92,華碩,PRIME-RX9060XT-O8G,-9061.842000000004,-9070.200000000003,1.7600000000000005,0.3900000000000001,0.02000000000000002,2.56,0.5280000000000001,3.0000000000000004,0.05000000000000001,0.05000000000000001
93,ZOTAC,RTX5060 Low Profile,-9062.492000000004,-9070.200000000003,0.9600000000000003,0.7800000000000004,0.02000000000000002,2.56,0.28800000000000003,3.0000000000000004,0.05000000000000001,0.05000000000000001
94,華擎,RX9060XT Challenger 16GB OC,-9102.472000000003,-9110.200000000003,0.9600000000000003,0.7799999999999999,0.04000000000000002,2.56,0.28800000000000003,3.0000000000000004,0.05000000000000001,0.05000000000000001
95,技嘉,RTX5060 EAGLE OC ICE 8G 白,-9122.472000000003,-9130.200000000003,0.9600000000000003,0.7799999999999999,0.04000000000000002,2.56,0.28800000000000003,3.0000000000000004,0.05000000000000001,0.05000000000000001
96,ACER,Nitro RX9060XT OC 16GB,-9161.224000000004,-9170.200000000003,1.9200000000000006,0.7799999999999999,0.04000000000000002,2.56,0.5760000000000001,3.0000000000000004,0.05000000000000001,0.05000000000000001
97,技嘉,RX9060XT GAMING 16G,-9161.244000000004,-9170.200000000003,1.9200000000000006,0.7799999999999999,0.02000000000000002,2.56,0.5760000000000001,3.0000000000000004,0.05000000000000001,0.05000000000000001
98,華碩,DUAL-RX9060XT-16G,-9161.614000000005,-9170.200000000003,1.9200000000000006,0.3900000000000001,0.04000000000000002,2.56,0.5760000000000001,3.0000000000000004,0.05000000000000001,0.05000000000000001
99,技嘉,RTX5060 GAMING OC 8G,-9182.492000000004,-9190.200000000003,0.9600000000000003,0.7799999999999999,0.02000000000000002,2.56,0.28800000000000003,3.0000000000000004,0.05000000000000001,0.05000000000000001
100,藍寶石,極地 PURE RX9060XT GAMING OC 16GB,-9261.224000000004,-9270.200000000003,1.9200000000000006,0.7799999999999999,0.04000000000000002,2.56,0.5760000000000001,3.0000000000000004,0.05000000000000001,0.05000000000000001
101,ACER,Nitro RX9060XT 16G OC White,-9261.224000000004,-9270.200000000003,1.9200000000000006,0.7799999999999999,0.04000000000000002,2.56,0.5760000000000001,3.0000000000000004,0.05000000000000001,0.05000000000000001
102,技嘉,RTX5060 AERO OC 8G,-9261.452000000003,-9270.200000000003,1.7600000000000005,0.7799999999999999,0.02000000000000002,2.56,0.5280000000000001,3.0000000000000004,0.05000000000000001,0.05000000000000001
103,技嘉,AORUS RTX5060 ELITE 8G,-9321.452000000003,-9330.200000000003,1.7600000000000005,0.7799999999999999,0.02000000000000002,2.56,0.5280000000000001,3.0000000000000004,0.05000000000000001,0.05000000000000001
104,INNO3D,RTX5060Ti 8GB TWIN X2,-9361.032000000001,-9369.800000000001,1.7600000000000005,0.7799999999999999,0.04000000000000002,2.56,0.5280000000000001,3.0000000000000004,0.05000000000000001,0.05000000000000001
105,撼訊,RX9060XT 16G-L/OC Hellhound 暗黑犬,-9361.244000000004,-9370.200000000003,1.9200000000000006,0.7799999999999999,0.02000000000000002,2.56,0.5760000000000001,3.0000000000000004,0.05000000000000001,0.05000000000000001
106,華碩,DUAL-RX9060XT-16G-WHITE,-9361.614000000005,-9370.200000000003,1.9200000000000006,0.3900000000000001,0.04000000000000002,2.56,0.5760000000000001,3.0000000000000004,0.05000000000000001,0.05000000000000001
107,微星,RTX5060 8G GAMING TRIO OC,-9363.452000000003,-9372.200000000003,1.7600000000000005,0.7799999999999999,0.02000000000000002,2.56,0.5280000000000001,3.0000000000000004,0.05000000000000001,0.05000000000000001
108,技嘉,RX9060XT GAMING OC 16G,-9381.244000000004,-9390.200000000003,1.9200000000000006,0.7799999999999999,0.02000000000000002,2.56,0.5760000000000001,3.0000000000000004,0.05000000000000001,0.05000000000000001
109,華碩,PRIME-RX9060XT-O16G,-9381.634000000005,-9390.200000000003,1.9200000000000006,0.3900000000000001,0.02000000000000002,2.56,0.5760000000000001,3.0000000000000004,0.05000000000000001,0.05000000000000001
110,微星,RTX5060Ti 8G SHADOW 2X OC PLUS,-9421.432000000003,-9430.200000000003,1.7600000000000005,0.7799999999999999,0.04000000000000002,2.56,0.5280000000000001,3.0000000000000004,0.05000000000000001,0.05000000000000001
111,微星,RTX5060Ti 8G VENTUS 2X PLUS,-9421.432000000003,-9430.200000000003,1.7600000000000005,0.7799999999999999,0.04000000000000002,2.56,0.5280000000000001,3.0000000000000004,0.05000000000000001,0.05000000000000001
112,技嘉,RTX5060Ti WINDFORCE 8G,-9421.432000000003,-9430.200000000003,1.7600000000000005,0.7799999999999999,0.04000000000000002,2.56,0.5280000000000001,3.0000000000000004,0.05000000000000001,0.05000000000000001
113,技嘉,RTX5060Ti WINDFORCE OC 8G,-9421.432000000003,-9430.200000000003,1.7600000000000005,0.7799999999999999,0.04000000000000002,2.56,0.5280000000000001,3.0000000000000004,0.05000000000000001,0.05000000000000001
114,技嘉,RTX5060Ti WINDFORCE MAX OC 8G,-9421.432000000003,-9430.200000000003,1.7600000000000005,0.7799999999999999,0.04000000000000002,2.56,0.5280000000000001,3.0000000000000004,0.05000000000000001,0.05000000000000001
115,微星,RTX5060Ti 8G CYCLONE OC 雪螳螂【獨家】,-9421.452000000003,-9430.200000000003,1.7600000000000005,0.78,0.02,2.56,0.5280000000000001,3.0000000000000004,0.05000000000000001,0.05000000000000001
116,INNO3D,RTX5060Ti 8GB TWIN X2 OC WHITE,-9441.032000000001,-9449.800000000001,1.7600000000000005,0.7799999999999999,0.04000000000000002,2.56,0.5280000000000001,3.0000000000000004,0.05000000000000001,0.05000000000000001
117,藍寶石,氮動 NITRO+ RX9060XT GAMING OC 16GB,-9461.244000000004,-9470.200000000003,1.9200000000000006,0.7799999999999999,0.02000000000000002,2.56,0.5760000000000001,3.0000000000000004,0.05000000000000001,0.05000000000000001
118,撼訊,RX9060XT 16G-L/OC/WHITE Hellhound 暗黑犬,-9561.244000000004,-9570.200000000003,1.9200000000000006,0.7799999999999999,0.02000000000000002,2.56,0.5760000000000001,3.0000000000000004,0.05000000000000001,0.05000000000000001
119,ZOTAC,RTX5060Ti 8GB Twin Edge OC,-9561.432000000003,-9570.200000000003,1.7600000000000005,0.7799999999999999,0.04000000000000002,2.56,0.5280000000000001,3.0000000000000004,0.05000000000000001,0.05000000000000001
120,華碩,DUAL-RTX5060TI-O8G,-9561.822000000004,-9570.200000000003,1.7600000000000005,0.3900000000000001,0.04000000000000002,2.56,0.5280000000000001,3.0000000000000004,0.05000000000000001,0.05000000000000001
121,微星,RTX5060Ti 8G VENTUS 2X OC PLUS,-9563.432000000003,-9572.200000000003,1.7600000000000005,0.7799999999999999,0.04000000000000002,2.56,0.5280000000000001,3.0000000000000004,0.05000000000000001,0.05000000000000001
122,華碩,TUF-RX9060XT-O16G-GAMING,-9581.634000000005,-9590.200000000003,1.9200000000000006,0.3900000000000001,0.02000000000000002,2.56,0.5760000000000001,3.0000000000000004,0.05000000000000001,0.05000000000000001
123,微星,RTX5060Ti 8G VENTUS 3X OC,-9661.452000000003,-9670.200000000003,1.7600000000000005,0.7799999999999999,0.02000000000000002,2.56,0.5280000000000001,3.0000000000000004,0.05000000000000001,0.05000000000000001
124,華碩,PRIME-RTX5060TI-8G,-9661.842000000004,-9670.200000000003,1.7600000000000005,0.3900000000000001,0.02000000000000002,2.56,0.5280000000000001,3.0000000000000004,0.05000000000000001,0.05000000000000001
125,ZOTAC,RTX5060Ti 8GB Twin Edge OC White Edition,-9661.842000000004,-9670.200000000003,1.7600000000000005,0.3900000000000001,0.02,2.56,0.5280000000000001,3.0000000000000004,0.05000000000000001,0.05000000000000001
126,技嘉,RTX5060Ti EAGLE OC 8G,-9662.472000000003,-9670.200000000003,0.9600000000000003,0.7799999999999999,0.04000000000000002,2.56,0.28800000000000003,3.0000000000000004,0.05000000000000001,0.05000000000000001
127,技嘉,RTX5060Ti EAGLE MAX OC 8G,-9662.492000000004,-9670.200000000003,0.9600000000000003,0.7799999999999999,0.02000000000000002,2.56,0.28800000000000003,3.0000000000000004,0.05000000000000001,0.05000000000000001
128,麗臺,NVIDIA RTX A1000 8GB,-9723.452000000003,-9732.200000000003,1.7600000000000005,0.7800000000000004,0.02,2.56,0.5280000000000001,3.0000000000000004,0.05000000000000001,0.05000000000000001
129,技嘉,RTX5060Ti EAGLE OC ICE 8G 白,-9762.472000000003,-9770.200000000003,0.9600000000000003,0.7799999999999999,0.04000000000000002,2.56,0.28800000000000003,3.0000000000000004,0.05000000000000001,0.05000000000000001
130,微星,RTX5060Ti 16G SHADOW 2X OC PLUS,-9781.224000000004,-9790.200000000003,1.9200000000000006,0.7799999999999999,0.04000000000000002,2.56,0.5760000000000001,3.0000000000000004,0.05000000000000001,0.05000000000000001
131,技嘉,RTX5060Ti WINDFORCE 16G,-9781.224000000004,-9790.200000000003,1.9200000000000006,0.7799999999999999,0.04000000000000002,2.56,0.5760000000000001,3.0000000000000004,0.05000000000000001,0.05000000000000001
132,ZOTAC,RTX5060Ti 16GB Twin Edge,-9781.224000000004,-9790.200000000003,1.9200000000000006,0.7799999999999999,0.04000000000000002,2.56,0.5760000000000001,3.0000000000000004,0.05000000000000001,0.05000000000000001
133,微星,RTX5060Ti 16G CYCLONE OC 雪螳螂【獨家】,-9781.244000000004,-9790.200000000003,1.9200000000000006,0.78,0.02,2.56,0.5760000000000001,3.0000000000000004,0.05000000000000001,0.05000000000000001
134,ZOTAC,RTX5060Ti 16GB 月白 OC,-9781.244000000004,-9790.200000000003,1.9200000000000006,0.7799999999999999,0.02000000000000002,2.56,0.5760000000000001,3.0000000000000004,0.05000000000000001,0.05000000000000001
135,華碩,DUAL-RTX5060TI-O16G,-9781.614000000005,-9790.200000000003,1.9200000000000006,0.3900000000000001,0.04000000000000002,2.56,0.5760000000000001,3.0000000000000004,0.05000000000000001,0.05000000000000001
136,INNO3D,RTX5060Ti 16GB TWIN X2 OC WHITE,-9840.824000000002,-9849.800000000001,1.9200000000000006,0.7799999999999999,0.04000000000000002,2.56,0.5760000000000001,3.0000000000000004,0.05000000000000001,0.05000000000000001
137,技嘉,RTX5060Ti WINDFORCE OC 16G,-9861.224000000004,-9870.200000000003,1.9200000000000006,0.7799999999999999,0.04000000000000002,2.56,0.5760000000000001,3.0000000000000004,0.05000000000000001,0.05000000000000001
138,技嘉,RTX5060Ti WINDFORCE MAX OC 16G,-9861.224000000004,-9870.200000000003,1.9200000000000006,0.7799999999999999,0.04000000000000002,2.56,0.5760000000000001,3.0000000000000004,0.05000000000000001,0.05000000000000001
139,華碩,PRIME-RTX5060TI-O8G,-9861.842000000004,-9870.200000000003,1.7600000000000005,0.3900000000000001,0.02000000000000002,2.56,0.5280000000000001,3.0000000000000004,0.05000000000000001,0.05000000000000001
140,技嘉,RTX5060Ti GAMING OC 8G,-9862.492000000004,-9870.200000000003,0.9600000000000003,0.7799999999999999,0.02000000000000002,2.56,0.28800000000000003,3.0000000000000004,0.05000000000000001,0.05000000000000001
141,ZOTAC,RTX5060Ti 16GB Twin Edge OC,-9961.224000000004,-9970.200000000003,1.9200000000000006,0.7799999999999999,0.04000000000000002,2.56,0.5760000000000001,3.0000000000000004,0.05000000000000001,0.05000000000000001
142,技嘉,RTX5060Ti AERO OC 8G 白,-9961.452000000003,-9970.200000000003,1.7600000000000005,0.7799999999999999,0.02000000000000002,2.56,0.5280000000000001,3.0000000000000004,0.05000000000000001,0.05000000000000001
143,微星,RTX5060Ti 16G VENTUS 2X OC PLUS,-9963.224000000004,-9972.200000000003,1.9200000000000006,0.7799999999999999,0.04000000000000002,2.56,0.5760000000000001,3.0000000000000004,0.05000000000000001,0.05000000000000001
144,藍寶石,脈動 PULSE RX9070GRE GAMING 12GB,-10061.224000000004,-10070.200000000003,1.9200000000000006,0.7799999999999999,0.04000000000000002,2.56,0.5760000000000003,3.0000000000000004,0.05000000000000001,0.05000000000000001
145,ZOTAC,RTX5060Ti 16GB Twin Edge OC White Edition,-10061.224000000004,-10070.200000000003,1.9200000000000006,0.7799999999999999,0.04000000000000002,2.56,0.5760000000000001,3.0000000000000004,0.05000000000000001,0.05000000000000001
146,撼訊,RX9070GRE 12G-L/OC Hellhound 暗黑犬,-10061.244000000004,-10070.200000000003,1.9200000000000006,0.7799999999999999,0.02000000000000002,2.56,0.5760000000000003,3.0000000000000004,0.05000000000000001,0.05000000000000001
147,微星,RTX5060Ti 16G VENTUS 3X OC,-10061.244000000004,-10070.200000000003,1.9200000000000006,0.7799999999999999,0.02000000000000002,2.56,0.5760000000000001,3.0000000000000004,0.05000000000000001,0.05000000000000001
148,微星,RTX5060Ti 8G GAMING TRIO OC,-10061.452000000003,-10070.200000000003,1.7600000000000005,0.7799999999999999,0.02000000000000002,2.56,0.5280000000000001,3.0000000000000004,0.05000000000000001,0.05000000000000001
149,華碩,TUF-RTX5060TI-O8G-GAMING,-10061.842000000004,-10070.200000000003,1.7600000000000005,0.3900000000000001,0.02000000000000002,2.56,0.5280000000000001,3.0000000000000004,0.05000000000000001,0.05000000000000001
150,技嘉,RTX5060Ti EAGLE OC 16G,-10062.472000000003,-10070.200000000003,0.9600000000000003,0.7799999999999999,0.04000000000000002,2.56,0.28800000000000003,3.0000000000000004,0.05000000000000001,0.05000000000000001
151,華擎,RX9070GRE Steel Legend Dark 12GB OC,-10062.492000000004,-10070.200000000003,0.9600000000000003,0.7799999999999999,0.02000000000000002,2.56,0.28800000000000003,3.0000000000000004,0.05000000000000001,0.05000000000000001
152,技嘉,RTX5060Ti EAGLE MAX OC 16G,-10062.492000000004,-10070.200000000003,0.9600000000000003,0.7799999999999999,0.02000000000000002,2.56,0.28800000000000003,3.0000000000000004,0.05000000000000001,0.05000000000000001
153,技嘉,RTX5060Ti EAGLE OC ICE 16G冰魄白,-10162.472000000003,-10170.200000000003,0.9600000000000003,0.7799999999999999,0.04000000000000002,2.56,0.28800000000000003,3.0000000000000004,0.05000000000000001,0.05000000000000001
154,華碩,PRIME-RTX5060TI-16G,-10181.634000000005,-10190.200000000003,1.9200000000000006,0.3900000000000001,0.02000000000000002,2.56,0.5760000000000001,3.0000000000000004,0.05000000000000001,0.05000000000000001
155,藍寶石,極地 PURE RX9070GRE GAMING OC 12GB,-10261.244000000004,-10270.200000000003,1.9200000000000006,0.7799999999999999,0.02000000000000002,2.56,0.5760000000000003,3.0000000000000004,0.05000000000000001,0.05000000000000001
156,技嘉,RTX5060Ti GAMING OC 16G,-10262.492000000004,-10270.200000000003,0.9600000000000003,0.7799999999999999,0.02000000000000002,2.56,0.28800000000000003,3.0000000000000004,0.05000000000000001,0.05000000000000001
157,技嘉,RTX5060Ti AERO OC 16G 白,-10361.244000000004,-10370.200000000003,1.9200000000000006,0.7799999999999999,0.02000000000000002,2.56,0.5760000000000001,3.0000000000000004,0.05000000000000001,0.05000000000000001
158,微星,RTX5060Ti 16G GAMING TRIO OC,-10381.244000000004,-10390.200000000003,1.9200000000000006,0.7799999999999999,0.02000000000000002,2.56,0.5760000000000001,3.0000000000000004,0.05000000000000001,0.05000000000000001
159,技嘉,AORUS RTX5060Ti ELITE 16G,-10461.244000000004,-10470.200000000003,1.9200000000000006,0.7799999999999999,0.02000000000000002,2.56,0.5760000000000001,3.0000000000000004,0.05000000000000001,0.05000000000000001
160,INNO3D,RTX5070 TWIN X2,-10636.499200000002,-10649.800000000003,0.9600000000000003,0.7799999999999999,0.04000000000000002,5.12,0.30080000000000007,6.000000000000001,0.05000000000000001,0.05000000000000001
161,撼訊,RX9070 16G-A 遊蕩者Reaper,-10661.244000000004,-10670.200000000003,1.9200000000000006,0.7799999999999999,0.02000000000000002,2.56,0.5760000000000001,3.0000000000000004,0.05000000000000001,0.05000000000000001
162,華碩,PRIME-RX9070-O16G-EVO ,-10661.244000000004,-10670.200000000003,1.9200000000000006,0.7799999999999999,0.02000000000000002,2.56,0.5760000000000001,3.0000000000000004,0.05000000000000001,0.05000000000000001
163,技嘉,RX9070 GAMING OC 16G,-10661.244000000004,-10670.200000000003,1.9200000000000006,0.7799999999999999,0.02000000000000002,2.56,0.5760000000000001,3.0000000000000004,0.05000000000000001,0.05000000000000001
164,華擎,RX9070 Challenger 16GB,-10662.492000000004,-10670.200000000003,0.9600000000000003,0.7799999999999999,0.02000000000000002,2.56,0.28800000000000003,3.0000000000000004,0.05000000000000001,0.05000000000000001
165,INNO3D,RTX5070 TWIN X2 OC,-10836.499200000002,-10849.800000000003,0.9600000000000003,0.7799999999999999,0.04000000000000002,5.12,0.30080000000000007,6.000000000000001,0.05000000000000001,0.05000000000000001
166,INNO3D,RTX5070 TWIN X2 OC WHITE,-10836.519200000002,-10849.800000000003,0.9600000000000003,0.7799999999999999,0.02,5.12,0.30080000000000007,6.000000000000001,0.05000000000000001,0.05000000000000001
167,微星,RTX5070 12G VENTUS 2X OC,-10855.664000000002,-10870.200000000003,1.9200000000000006,0.7799999999999999,0.04000000000000002,5.12,0.5760000000000003,6.000000000000001,0.05000000000000001,0.05000000000000001
168,微星,RTX5070 12G INSPIRE 3X OC,-10855.684000000003,-10870.200000000003,1.9200000000000006,0.7799999999999999,0.02000000000000002,5.12,0.5760000000000003,6.000000000000001,0.05000000000000001,0.05000000000000001
169,技嘉,RTX5070 WINDFORCE OC SFF 12G,-10855.684000000003,-10870.200000000003,1.9200000000000006,0.7799999999999999,0.02000000000000002,5.12,0.5760000000000003,6.000000000000001,0.05000000000000001,0.05000000000000001
170,華碩,PRIME-RTX5070-12G,-10856.074000000004,-10870.200000000003,1.9200000000000006,0.3900000000000001,0.02000000000000002,5.12,0.5760000000000003,6.000000000000001,0.05000000000000001,0.05000000000000001
171,華碩,TUF-RTX5070-O12G-GAMING,-10856.074000000004,-10870.200000000003,1.9200000000000006,0.3900000000000001,0.02000000000000002,5.12,0.5760000000000003,6.000000000000001,0.05000000000000001,0.05000000000000001
172,INNO3D,RTX5070 X3 OC,-11036.519200000002,-11049.800000000003,0.9600000000000003,0.7799999999999999,0.02000000000000002,5.12,0.30080000000000007,6.000000000000001,0.05000000000000001,0.05000000000000001
173,微星,RTX5070 12G VENTUS 3X OC,-11055.684000000003,-11070.200000000003,1.9200000000000006,0.7799999999999999,0.02000000000000002,5.12,0.5760000000000003,6.000000000000001,0.05000000000000001,0.05000000000000001
174,ZOTAC,RTX5070 Twin Edge OC,-11056.899200000002,-11070.200000000003,0.9600000000000003,0.7799999999999999,0.04000000000000002,5.12,0.30080000000000007,6.000000000000001,0.05000000000000001,0.05000000000000001
175,技嘉,RTX5070 EAGLE OC SFF 12G,-11056.919200000002,-11070.200000000003,0.9600000000000003,0.7799999999999999,0.02000000000000002,5.12,0.30080000000000007,6.000000000000001,0.05000000000000001,0.05000000000000001
176,華碩,PRIME-RTX5070-O12G,-11256.074000000004,-11270.200000000003,1.9200000000000006,0.3900000000000001,0.02000000000000002,5.12,0.5760000000000003,6.000000000000001,0.05000000000000001,0.05000000000000001
177,技嘉,RTX5070 EAGLE OC ICE SFF 12G,-11256.919200000002,-11270.200000000003,0.9600000000000003,0.7799999999999999,0.02000000000000002,5.12,0.30080000000000007,6.000000000000001,0.05000000000000001,0.05000000000000001
178,ZOTAC,RTX5070 SOLID,-11256.919200000002,-11270.200000000003,0.9600000000000003,0.7799999999999999,0.02000000000000002,5.12,0.30080000000000007,6.000000000000001,0.05000000000000001,0.05000000000000001
179,技嘉,RX9070XT GAMING 16G,-11261.244000000004,-11270.200000000003,1.9200000000000006,0.7799999999999999,0.02000000000000002,2.56,0.5760000000000001,3.0000000000000004,0.05000000000000001,0.05000000000000001
180,ACER,NITRO RX9070XT 16G OC,-11261.244000000004,-11270.200000000003,1.9200000000000006,0.7799999999999999,0.02000000000000002,2.56,0.5760000000000001,3.0000000000000004,0.05000000000000001,0.05000000000000001
181,微星,RTX5070 12G GAMING TRIO OC,-11455.684000000003,-11470.200000000003,1.9200000000000006,0.7799999999999999,0.02000000000000002,5.12,0.5760000000000003,6.000000000000001,0.05000000000000001,0.05000000000000001
182,技嘉,RTX5070 GAMING OC 12G,-11456.919200000002,-11470.200000000003,0.9600000000000003,0.7799999999999999,0.02000000000000002,5.12,0.30080000000000007,6.000000000000001,0.05000000000000001,0.05000000000000001
183,ZOTAC,RTX5070 SOLID OC,-11456.919200000002,-11470.200000000003,0.9600000000000003,0.7799999999999999,0.02000000000000002,5.12,0.30080000000000007,6.000000000000001,0.05000000000000001,0.05000000000000001
184,華碩,PRIME-RX9070XT-O16G ,-11461.244000000004,-11470.200000000003,1.9200000000000006,0.7799999999999999,0.02000000000000002,2.56,0.5760000000000001,3.0000000000000004,0.05000000000000001,0.05000000000000001
185,技嘉,RX9070XT GAMING OC 16G,-11461.244000000004,-11470.200000000003,1.9200000000000006,0.7799999999999999,0.02000000000000002,2.56,0.5760000000000001,3.0000000000000004,0.05000000000000001,0.05000000000000001
186,華擎,RX9070XT Steel Legend Dark 16GB,-11462.492000000004,-11470.200000000003,0.9600000000000003,0.7799999999999999,0.02000000000000002,2.56,0.28800000000000003,3.0000000000000004,0.05000000000000001,0.05000000000000001
187,華擎,RX9070XT Steel Legend 16GB,-11462.492000000004,-11470.200000000003,0.9600000000000003,0.7799999999999999,0.02000000000000002,2.56,0.28800000000000003,3.0000000000000004,0.05000000000000001,0.05000000000000001
188,微星,RTX5070 12G GAMING TRIO OC WHITE,-11557.684000000003,-11572.200000000003,1.9200000000000006,0.7799999999999999,0.02000000000000002,5.12,0.5760000000000003,6.000000000000001,0.05000000000000001,0.05000000000000001
189,ACER,Predator BiFrost RX9070XT 16G OC White,-11561.244000000004,-11570.200000000003,1.9200000000000006,0.7799999999999999,0.02000000000000002,2.56,0.5760000000000001,3.0000000000000004,0.05000000000000001,0.05000000000000001
190,技嘉,RTX5070 AERO OC 12G,-11655.684000000003,-11670.200000000003,1.9200000000000006,0.7799999999999999,0.02000000000000002,5.12,0.5760000000000003,6.000000000000001,0.05000000000000001,0.05000000000000001
191,微星,RTX5070 12G VANGUARD SOC LAUNCH EDITION,-11656.074000000004,-11670.200000000003,1.9200000000000006,0.3900000000000001,0.02,5.12,0.5760000000000003,6.000000000000001,0.05000000000000001,0.05000000000000001
192,ZOTAC,RTX5070 AMP White Edition,-11656.919200000002,-11670.200000000003,0.9600000000000003,0.7799999999999999,0.02000000000000002,5.12,0.30080000000000007,6.000000000000001,0.05000000000000001,0.05000000000000001
193,撼訊,RX9070XT 16G-L/OC/WHITE 暗黑犬,-11761.244000000004,-11770.200000000003,1.9200000000000006,0.7799999999999999,0.02000000000000002,2.56,0.5760000000000001,3.0000000000000004,0.05000000000000001,0.05000000000000001
194,技嘉,AORUS RTX5070 MASTER 12G,-11855.684000000003,-11870.200000000003,1.9200000000000006,0.7799999999999999,0.02000000000000002,5.12,0.5760000000000003,6.000000000000001,0.05000000000000001,0.05000000000000001
195,藍寶石,極地 PURE RX9070XT GAMING OC 16GB,-11861.244000000004,-11870.200000000003,1.9200000000000006,0.7799999999999999,0.02000000000000002,2.56,0.5760000000000001,3.0000000000000004,0.05000000000000001,0.05000000000000001
196,華碩,PRIME-RX9070XT-O16G-WHITE ,-11861.244000000004,-11870.200000000003,1.9200000000000006,0.7799999999999999,0.02000000000000002,2.56,0.5760000000000001,3.0000000000000004,0.05000000000000001,0.05000000000000001
197,技嘉,AORUS RX9070XT ELITE 16G,-11861.244000000004,-11870.200000000003,1.9200000000000006,0.7799999999999999,0.02000000000000002,2.56,0.5760000000000001,3.0000000000000004,0.05000000000000001,0.05000000000000001
198,撼訊,RX9070XT 16G-E/OC 紅魔,-11861.334000000004,-11870.200000000003,1.9200000000000006,0.69,0.02000000000000002,2.56,0.5760000000000001,3.0000000000000004,0.05000000000000001,0.05000000000000001
199,INNO3D,RTX5070TI X3,-12036.519200000002,-12049.800000000003,0.9600000000000003,0.7799999999999999,0.02000000000000002,5.12,0.30080000000000007,6.000000000000001,0.05000000000000001,0.05000000000000001
200,藍寶石,氮動 NITRO+ RX9070XT GAMING OC 16GB,-12161.244000000004,-12170.200000000003,1.9200000000000006,0.7799999999999999,0.02000000000000002,2.56,0.5760000000000001,3.0000000000000004,0.05000000000000001,0.05000000000000001
201,華擎,RX9070XT Taichi 16GB OC,-12161.244000000004,-12170.200000000003,1.9200000000000006,0.7799999999999999,0.02000000000000002,2.56,0.5760000000000001,3.0000000000000004,0.05000000000000001,0.05000000000000001
202,INNO3D,RTX5070TI X3 OC,-12236.519200000002,-12249.800000000003,0.9600000000000003,0.7799999999999999,0.02000000000000002,5.12,0.30080000000000007,6.000000000000001,0.05000000000000001,0.05000000000000001
203,麗臺,NVIDIA RTX 2000 Ada 16GB,-12243.244000000004,-12252.200000000003,1.9200000000000006,0.7800000000000004,0.02,2.56,0.5760000000000001,3.0000000000000004,0.05000000000000001,0.05000000000000001
204,INNO3D,RTX5070TI X3 OC WHITE,-12436.519200000002,-12449.800000000003,0.9600000000000003,0.7799999999999999,0.02,5.12,0.30080000000000007,6.000000000000001,0.05000000000000001,0.05000000000000001
205,微星,RTX5070Ti 16G INSPIRE 3X OC,-12455.684000000003,-12470.200000000003,1.9200000000000006,0.7799999999999999,0.02000000000000002,5.12,0.5760000000000001,6.000000000000001,0.05000000000000001,0.05000000000000001
206,微星,RTX5070Ti 16G VENTUS 3X OC,-12855.684000000003,-12870.200000000003,1.9200000000000006,0.7799999999999999,0.02000000000000002,5.12,0.5760000000000001,6.000000000000001,0.05000000000000001,0.05000000000000001
207,技嘉,RTX5070Ti EAGLE OC SFF 16G,-13056.919200000002,-13070.200000000003,0.9600000000000003,0.7799999999999999,0.02000000000000002,5.12,0.30080000000000007,6.000000000000001,0.05000000000000001,0.05000000000000001
208,ZOTAC,RTX5070Ti SOLID SFF OC,-13056.919200000002,-13070.200000000003,0.9600000000000003,0.7799999999999999,0.02000000000000002,5.12,0.30080000000000007,6.000000000000001,0.05000000000000001,0.05000000000000001
209,技嘉,RTX5070Ti EAGLE OC ICE SFF 16G,-13256.919200000002,-13270.200000000003,0.9600000000000003,0.7799999999999999,0.02000000000000002,5.12,0.30080000000000007,6.000000000000001,0.05000000000000001,0.05000000000000001
210,ZOTAC,RTX5070Ti SOLID CORE OC White Edition,-13256.919200000002,-13270.200000000003,0.9600000000000003,0.7799999999999999,0.02,5.12,0.30080000000000007,6.000000000000001,0.05000000000000001,0.05000000000000001
211,微星,RTX5070Ti 16G GAMING TRIO OC,-13455.684000000003,-13470.200000000003,1.9200000000000006,0.7799999999999999,0.02,5.12,0.5760000000000001,6.000000000000001,0.05000000000000001,0.05000000000000001
212,技嘉,RTX5070Ti GAMING OC 16G,-13456.919200000002,-13470.200000000003,0.9600000000000003,0.7799999999999999,0.02000000000000002,5.12,0.30080000000000007,6.000000000000001,0.05000000000000001,0.05000000000000001
213,技嘉,RTX5070Ti AERO OC 16G,-13525.884000000004,-13540.400000000003,1.9200000000000006,0.7799999999999999,0.02000000000000002,5.12,0.5760000000000001,6.000000000000001,0.05000000000000001,0.05000000000000001
214,技嘉,AORUS RTX5070Ti MASTER 16G,-13525.974000000004,-13540.400000000003,1.9200000000000006,0.69,0.02000000000000002,5.12,0.5760000000000001,6.000000000000001,0.05000000000000001,0.05000000000000001
215,華碩,TUF-RTX5070TI-O16G-GAMING,-13526.274000000005,-13540.400000000003,1.9200000000000006,0.3900000000000001,0.02000000000000002,5.12,0.5760000000000001,6.000000000000001,0.05000000000000001,0.05000000000000001
216,華碩,TUF-RTX5070TI-O16G-WHITE-GAMING,-13526.274000000005,-13540.400000000003,1.9200000000000006,0.3900000000000001,0.02000000000000002,5.12,0.5760000000000001,6.000000000000001,0.05000000000000001,0.05000000000000001
217,華碩,PROART-RTX5070TI-O16G,-13526.274000000005,-13540.400000000003,1.9200000000000006,0.3900000000000001,0.02000000000000002,5.12,0.5760000000000001,6.000000000000001,0.05000000000000001,0.05000000000000001
218,華碩,ROG-STRIX-RTX5070TI-O16G-GAMING,-13526.274000000005,-13540.400000000003,1.9200000000000006,0.3900000000000001,0.02000000000000002,5.12,0.5760000000000001,6.000000000000001,0.05000000000000001,0.05000000000000001
219,微星,RTX5080 16G VENTUS 3X OC PLUS,-13528.444000000005,-13540.400000000003,1.9200000000000006,0.7799999999999999,0.02000000000000002,2.5600000000000027,0.5760000000000003,6.000000000000001,0.05000000000000001,0.05000000000000001
220,微星,RTX5080 16G VENTUS 3X OC,-13528.444000000005,-13540.400000000003,1.9200000000000006,0.7799999999999999,0.02,2.5600000000000027,0.5760000000000003,6.000000000000001,0.05000000000000001,0.05000000000000001
221,微星,RTX5080 16G INSPIRE 3X OC,-13528.444000000005,-13540.400000000003,1.9200000000000006,0.7799999999999999,0.02000000000000002,2.5600000000000027,0.5760000000000003,6.000000000000001,0.05000000000000001,0.05000000000000001
222,微星,RTX5080 16G GAMING TRIO OC,-13528.444000000005,-13540.400000000003,1.9200000000000006,0.7799999999999999,0.02,2.5600000000000027,0.5760000000000003,6.000000000000001,0.05000000000000001,0.05000000000000001
223,微星,RTX5080 16G SUPRIM LIQUID SOC,-13528.444000000005,-13540.400000000003,1.9200000000000006,0.7799999999999999,0.02000000000000002,2.5600000000000027,0.5760000000000003,6.000000000000001,0.05000000000000001,0.05000000000000001
224,技嘉,RTX5080 AERO OC SFF 16G,-13528.444000000005,-13540.400000000003,1.9200000000000006,0.7799999999999999,0.02000000000000002,2.5600000000000027,0.5760000000000003,6.000000000000001,0.05000000000000001,0.05000000000000001
225,微星,RTX5080 16G SUPRIM SOC,-13528.534000000005,-13540.400000000003,1.9200000000000006,0.69,0.02000000000000002,2.5600000000000027,0.5760000000000003,6.000000000000001,0.05000000000000001,0.05000000000000001
226,技嘉,AORUS RTX5080 MASTER 16G,-13528.534000000005,-13540.400000000003,1.9200000000000006,0.69,0.02000000000000002,2.5600000000000027,0.5760000000000003,6.000000000000001,0.05000000000000001,0.05000000000000001
227,技嘉,AORUS RTX5080 MASTER ICE 16G,-13528.534000000005,-13540.400000000003,1.9200000000000006,0.69,0.02000000000000002,2.5600000000000027,0.5760000000000003,6.000000000000001,0.05000000000000001,0.05000000000000001
228,華碩,PRIME-RTX5080-O16G,-13528.834000000006,-13540.400000000003,1.9200000000000006,0.3900000000000001,0.02000000000000002,2.5600000000000027,0.5760000000000003,6.000000000000001,0.05000000000000001,0.05000000000000001
229,華碩,TUF-RTX5080-O16G-GAMING,-13528.834000000006,-13540.400000000003,1.9200000000000006,0.3900000000000001,0.02000000000000002,2.5600000000000027,0.5760000000000003,6.000000000000001,0.05000000000000001,0.05000000000000001
230,華碩,PROART-RTX5080-O16G,-13528.834000000006,-13540.400000000003,1.9200000000000006,0.3900000000000001,0.02000000000000002,2.5600000000000027,0.5760000000000003,6.000000000000001,0.05000000000000001,0.05000000000000001
231,華碩,RTX5080-O16G-NOCTUA 貓頭鷹版,-13528.834000000006,-13540.400000000003,1.9200000000000006,0.38999999999999996,0.02000000000000002,2.5600000000000027,0.5760000000000003,6.000000000000001,0.05000000000000001,0.05000000000000001
232,華碩,ROG-ASTRAL-RTX5080-O16G-GAMING,-13528.834000000006,-13540.400000000003,1.9200000000000006,0.3900000000000001,0.02,2.5600000000000027,0.5760000000000003,6.000000000000001,0.05000000000000001,0.05000000000000001
233,華碩,ROG-ASTRAL-RTX5080-O16G-WHITE,-13528.834000000006,-13540.400000000003,1.9200000000000006,0.3900000000000001,0.02,2.5600000000000027,0.5760000000000003,6.000000000000001,0.05000000000000001,0.05000000000000001
234,華碩,ROG-ASTRAL-RTX5080-O16G-DHAHAB-CORE【燦金版】,-13528.834000000006,-13540.400000000003,1.9200000000000006,0.3900000000000001,0.02,2.5600000000000027,0.5760000000000003,6.000000000000001,0.05000000000000001,0.05000000000000001
235,技嘉,RTX5080 GAMING OC 16G,-13529.640800000005,-13540.400000000003,0.9600000000000003,0.7799999999999999,0.02000000000000002,2.5600000000000027,0.3392000000000001,6.000000000000001,0.05000000000000001,0.05000000000000001
236,ZOTAC,RTX5080 SOLID OC White Edition,-13529.640800000005,-13540.400000000003,0.9600000000000003,0.7799999999999999,0.02000000000000002,2.5600000000000027,0.3392000000000001,6.000000000000001,0.05000000000000001,0.05000000000000001
237,INNO3D,RTX5080 X3,-13529.640800000005,-13540.400000000003,0.9600000000000003,0.7799999999999999,0.02000000000000002,2.5600000000000027,0.3392000000000001,6.000000000000001,0.05000000000000001,0.05000000000000001
238,INNO3D,RTX5080 X3 OC,-13529.640800000005,-13540.400000000003,0.9600000000000003,0.7799999999999999,0.02000000000000002,2.5600000000000027,0.3392000000000001,6.000000000000001,0.05000000000000001,0.05000000000000001
239,麗臺,NVIDIA RTX 4000 SFF Ada 20GB,-13531.444000000005,-13540.400000000003,1.9200000000000006,0.7800000000000004,0.02,2.56,0.5760000000000003,3.0000000000000004,0.05000000000000001,0.05000000000000001
240,麗臺,NVIDIA RTX 4000 Ada 20GB,-13531.444000000005,-13540.400000000003,1.9200000000000006,0.7800000000000006,0.02,2.56,0.5760000000000003,3.0000000000000004,0.05000000000000001,0.05000000000000001
241,麗臺,NVIDIA RTX 4500 Ada 24GB,-13531.444000000005,-13540.400000000003,1.9200000000000006,0.7799999999999999,0.02,2.56,0.5760000000000001,3.0000000000000004,0.05000000000000001,0.05000000000000001
242,麗臺,NVIDIA RTX 5000 Ada 32GB,-13531.444000000005,-13540.400000000003,1.9200000000000006,0.7799999999999999,0.02,2.56,0.5760000000000003,3.0000000000000004,0.05000000000000001,0.05000000000000001
243,麗臺,NVIDIA RTX 6000 Ada 48GB,-13531.444000000005,-13540.400000000003,1.9200000000000006,0.7799999999999999,0.02,2.56,0.5760000000000003,3.0000000000000004,0.05000000000000001,0.05000000000000001
244,麗臺,NVIDIA RTX A5500 24GB,-13531.444000000005,-13540.400000000003,1.9200000000000006,0.7800000000000006,0.02,2.56,0.5760000000000001,3.0000000000000004,0.05000000000000001,0.05000000000000001
245,微星,RTX5090 32G SUPRIM LIQUID SOC,-13531.444000000005,-13540.400000000003,1.9200000000000006,0.7799999999999999,0.02,2.5600000000000027,0.5760000000000003,3.0000000000000004,0.05000000000000001,0.05000000000000001
246,微星,RTX5090 32G SUPRIM SOC,-13531.534000000005,-13540.400000000003,1.9200000000000006,0.69,0.02000000000000002,2.5600000000000027,0.5760000000000003,3.0000000000000004,0.05000000000000001,0.05000000000000001
247,技嘉,AORUS RTX5090 MASTER 32G,-13531.534000000005,-13540.400000000003,1.9200000000000006,0.69,0.02000000000000002,2.5600000000000027,0.5760000000000003,3.0000000000000004,0.05000000000000001,0.05000000000000001
248,技嘉,AORUS RTX5090 MASTER ICE 32G,-13531.534000000005,-13540.400000000003,1.9200000000000006,0.69,0.02,2.5600000000000027,0.5760000000000003,3.0000000000000004,0.05000000000000001,0.05000000000000001
249,技嘉,AORUS RTX5090 STEALTH ICE 32G,-13531.534000000005,-13540.400000000003,1.9200000000000006,0.69,0.02,2.5600000000000027,0.5760000000000003,3.0000000000000004,0.05000000000000001,0.05000000000000001
250,華碩,ROG-ASTRAL-RTX5090-32G-GAMING,-13531.834000000006,-13540.400000000003,1.9200000000000006,0.3900000000000001,0.02,2.5600000000000027,0.5760000000000003,3.0000000000000004,0.05000000000000001,0.05000000000000001
251,華碩,ROG-ASTRAL-RTX5090-O32G-GAMING,-13531.834000000006,-13540.400000000003,1.9200000000000006,0.3900000000000001,0.02,2.5600000000000027,0.5760000000000003,3.0000000000000004,0.05000000000000001,0.05000000000000001
252,華碩,ROG-ASTRAL-RTX5090-O32G-BTF-GAMING,-13531.834000000006,-13540.400000000003,1.9200000000000006,0.3900000000000001,0.02,2.5600000000000027,0.5760000000000003,3.0000000000000004,0.05000000000000001,0.05000000000000001
253,華碩,ROG-ASTRAL-RTX5090-O32G-WHITE,-13531.834000000006,-13540.400000000003,1.9200000000000006,0.3900000000000001,0.02,2.5600000000000027,0.5760000000000003,3.0000000000000004,0.05000000000000001,0.05000000000000001
254,華碩,ROG-ASTRAL-LC-RTX5090-O32G-GAMING,-13531.834000000006,-13540.400000000003,1.9200000000000006,0.3900000000000001,0.02,2.5600000000000027,0.5760000000000003,3.0000000000000004,0.05000000000000001,0.05000000000000001
255,技嘉,AORUS RTX5090 XTREME WATERFORCE 32G,-13531.834000000006,-13540.400000000003,1.9200000000000006,0.3900000000000001,0.02,2.5600000000000027,0.5760000000000003,3.0000000000000004,0.05000000000000001,0.05000000000000001
256,技嘉,AORUS RTX5090 XTREME WATERFORCE WB 32G,-13531.834000000006,-13540.400000000003,1.9200000000000006,0.3900000000000001,0.02,2.5600000000000027,0.5760000000000003,3.0000000000000004,0.05000000000000001,0.05000000000000001
257,技嘉,RTX5090 GAMING OC 32G,-13532.640800000005,-13540.400000000003,0.9600000000000003,0.7799999999999999,0.02000000000000002,2.5600000000000027,0.3392000000000001,3.0000000000000004,0.05000000000000001,0.05000000000000001
258,ZOTAC,RTX5090 SOLID OC White Edition,-13532.640800000005,-13540.400000000003,0.9600000000000003,0.7799999999999999,0.02000000000000002,2.5600000000000027,0.3392000000000001,3.0000000000000004,0.05000000000000001,0.05000000000000001
259,ZOTAC,RTX5090 ARCTICSTORM AIO,-13532.640800000005,-13540.400000000003,0.9600000000000003,0.7799999999999999,0.02,2.5600000000000027,0.3392000000000001,3.0000000000000004,0.05000000000000001,0.05000000000000001
